day,district,description,rooms,m2,bathrooms,price,links,house_id
2024-01-06,porta-romana-medaglie-d-oro,"2-room flat via Friuli 3, Porta Romana - Medaglie d'Oro, Milan",2.0,60,1.0,450000.0,https://www.immobiliare.it/en/annunci/108450369/,108450369
2024-01-06,porta-romana-medaglie-d-oro,"2-room flat via Verona 5, Porta Romana - Medaglie d'Oro, Milan",2.0,69,1.0,599000.0,https://www.immobiliare.it/en/annunci/108443129/,108443129
2024-01-06,porta-romana-medaglie-d-oro,"2-room flat via Carlo Botta 39, Porta Romana - Medaglie d'Oro, Milan",2.0,68,1.0,380000.0,https://www.immobiliare.it/en/annunci/108443899/,108443899
2024-01-06,porta-romana-medaglie-d-oro,"3-room flat excellent condition, third floor, Porta Romana - Medaglie d'Oro, Milan",3.0,110,2.0,865000.0,https://www.immobiliare.it/en/annunci/108450689/,108450689
2024-01-06,porta-romana-medaglie-d-oro,"3-room flat viale Umbria 21, Porta Romana - Medaglie d'Oro, Milan",3.0,65,1.0,478000.0,https://www.immobiliare.it/en/annunci/108408641/,108408641
2024-01-06,porta-romana-medaglie-d-oro,"3-room flat via Atto Vannucci 5, Porta Romana - Medaglie d'Oro, Milan",3.0,73,1.0,480000.0,https://www.immobiliare.it/en/annunci/108415467/,108415467
2024-01-06,porta-romana-medaglie-d-oro,"4-room flat via Piacenza 9, Porta Romana - Medaglie d'Oro, Milan",4.0,110,2.0,890000.0,https://www.immobiliare.it/en/annunci/108412425/,108412425
2024-01-06,porta-romana-medaglie-d-oro,"4-room flat piazzale Medaglie d'Oro, Porta Romana - Medaglie d'Oro, Milan",4.0,175,2.0,795000.0,https://www.immobiliare.it/en/annunci/108398805/,108398805
2024-01-06,porta-romana-medaglie-d-oro,"2-room flat piazzale Medaglie d'Oro, Porta Romana - Medaglie d'Oro, Milan",2.0,40,1.0,300000.0,https://www.immobiliare.it/en/annunci/108388983/,108388983
2024-01-06,porta-romana-medaglie-d-oro,"3-room flat viale Umbria, Porta Romana - Medaglie d'Oro, Milan",3.0,85,1.0,535000.0,https://www.immobiliare.it/en/annunci/108382539/,108382539
2024-01-06,porta-romana-medaglie-d-oro,"3-room flat viale Umbria, Porta Romana - Medaglie d'Oro, Milan",3.0,80,1.0,564000.0,https://www.immobiliare.it/en/annunci/108382639/,108382639
2024-01-06,porta-romana-medaglie-d-oro,"2-room flat via Friuli 23, Porta Romana - Medaglie d'Oro, Milan",2.0,40,1.0,310000.0,https://www.immobiliare.it/en/annunci/108351503/,108351503
2024-01-06,porta-romana-medaglie-d-oro,"2-room flat via Carlo Botta 39, Porta Romana - Medaglie d'Oro, Milan",2.0,68,1.0,380000.0,https://www.immobiliare.it/en/annunci/108443845/,108443845
2024-01-06,porta-romana-medaglie-d-oro,"Penthouse viale Monte Nero, Montenero, Milan",4.0,140,2.0,1100000.0,https://www.immobiliare.it/en/annunci/108337689/,108337689
2024-01-06,porta-romana-medaglie-d-oro,"Apartment via Adige, Porta Romana - Medaglie d'Oro, Milan",5.0,283,3.0,1690000.0,https://www.immobiliare.it/en/annunci/108317131/,108317131
2024-01-06,porta-romana-medaglie-d-oro,"4-room flat via Pietro Colletta, Porta Romana - Medaglie d'Oro, Milan",4.0,150,2.0,1200000.0,https://www.immobiliare.it/en/annunci/108252481/,108252481
2024-01-06,porta-romana-medaglie-d-oro,"3-room flat via Lazzaro Papi, Porta Romana - Medaglie d'Oro, Milan",3.0,105,2.0,825000.0,https://www.immobiliare.it/en/annunci/108253043/,108253043
2024-01-06,porta-romana-medaglie-d-oro,"2-room flat via Pietro Colletta 18, Porta Romana - Medaglie d'Oro, Milan",2.0,65,1.0,450000.0,https://www.immobiliare.it/en/annunci/108229415/,108229415
2024-01-06,porta-romana-medaglie-d-oro,"2-room flat via Carlo Botta, Porta Romana - Medaglie d'Oro, Milan",2.0,40,1.0,225000.0,https://www.immobiliare.it/en/annunci/108234033/,108234033
2024-01-06,porta-romana-medaglie-d-oro,"Loft via Lodovico Muratori 55, Porta Romana - Medaglie d'Oro, Milan",2.0,51,1.0,295000.0,https://www.immobiliare.it/en/annunci/108207411/,108207411
2024-01-06,porta-romana-medaglie-d-oro,"2-room flat via Crema 29, Porta Romana - Medaglie d'Oro, Milan",2.0,70,2.0,600000.0,https://www.immobiliare.it/en/annunci/108210285/,108210285
2024-01-06,porta-romana-medaglie-d-oro,"2-room flat via Friuli 23, Porta Romana - Medaglie d'Oro, Milan",2.0,40,1.0,320000.0,https://www.immobiliare.it/en/annunci/108153817/,108153817
2024-01-06,porta-romana-medaglie-d-oro,"2-room flat via Lodovico Muratori 42, Porta Romana - Medaglie d'Oro, Milan",2.0,75,1.0,520000.0,https://www.immobiliare.it/en/annunci/108115699/,108115699
2024-01-06,porta-romana-medaglie-d-oro,"2-room flat via Passo Buole, Porta Romana - Medaglie d'Oro, Milan",2.0,51,4.0,359000.0,https://www.immobiliare.it/en/annunci/108129175/,108129175
2024-01-06,porta-romana-medaglie-d-oro,"Apartment viale Sabotino 19/2, Porta Romana - Medaglie d'Oro, Milan",5.0,245,2.0,2550000.0,https://www.immobiliare.it/en/annunci/108094879/,108094879
2024-01-06,porta-romana-medaglie-d-oro,"Apartment viale Sabotino 19/2, Porta Romana - Medaglie d'Oro, Milan",5.0,233,2.0,2450000.0,https://www.immobiliare.it/en/annunci/108089015/,108089015
2024-01-06,porta-romana-medaglie-d-oro,"3-room flat viale Umbria, Porta Romana - Medaglie d'Oro, Milan",3.0,105,2.0,590000.0,https://www.immobiliare.it/en/annunci/108101521/,108101521
2024-01-06,porta-romana-medaglie-d-oro,"3-room flat viale Emilio Caldara 23, Quadronno - Crocetta, Milan",3.0,85,2.0,360000.0,https://www.immobiliare.it/en/annunci/108090635/,108090635
2024-01-06,porta-romana-medaglie-d-oro,"4-room flat via Crema 17, Porta Romana - Medaglie d'Oro, Milan",4.0,95,1.0,635000.0,https://www.immobiliare.it/en/annunci/108033625/,108033625
2024-01-06,porta-romana-medaglie-d-oro,"2-room flat viale Umbria, Porta Romana - Medaglie d'Oro, Milan",2.0,45,1.0,350000.0,https://www.immobiliare.it/en/annunci/108010545/,108010545
2024-01-06,porta-romana-medaglie-d-oro,"4-room flat via Atto Vanucci, Porta Romana - Medaglie d'Oro, Milan",4.0,110,2.0,736000.0,https://www.immobiliare.it/en/annunci/108382295/,108382295
2024-01-06,porta-romana-medaglie-d-oro,"2-room flat via Mantova, Porta Romana - Medaglie d'Oro, Milan",2.0,85,1.0,540000.0,https://www.immobiliare.it/en/annunci/108382263/,108382263
2024-01-06,porta-romana-medaglie-d-oro,"2-room flat via Atto Vannucci, Porta Romana - Medaglie d'Oro, Milan",2.0,80,1.0,546000.0,https://www.immobiliare.it/en/annunci/108381653/,108381653
2024-01-06,porta-romana-medaglie-d-oro,"3-room flat via Gerolamo Tiraboschi, Porta Romana - Medaglie d'Oro, Milan",3.0,95,1.0,647000.0,https://www.immobiliare.it/en/annunci/108381831/,108381831
2024-01-06,porta-romana-medaglie-d-oro,"2-room flat via Trebbia 33, Porta Romana - Medaglie d'Oro, Milan",2.0,42,1.0,319000.0,https://www.immobiliare.it/en/annunci/108001339/,108001339
2024-01-06,porta-romana-medaglie-d-oro,"Attic via Trebbia 33, Porta Romana - Medaglie d'Oro, Milan",1.0,32,1.0,227000.0,https://www.immobiliare.it/en/annunci/107945363/,107945363
2024-01-06,porta-romana-medaglie-d-oro,"3-room flat via filippetti, Porta Romana - Medaglie d'Oro, Milan",3.0,110,1.0,580000.0,https://www.immobiliare.it/en/annunci/108435383/,108435383
2024-01-06,porta-romana-medaglie-d-oro,"2-room flat via Serviliano Lattuada 9, Porta Romana - Medaglie d'Oro, Milan",2.0,55,1.0,610000.0,https://www.immobiliare.it/en/annunci/107843667/,107843667
2024-01-06,porta-romana-medaglie-d-oro,"2-room flat via Andrea Palladio 18, Porta Romana - Medaglie d'Oro, Milan",2.0,63,1.0,579000.0,https://www.immobiliare.it/en/annunci/107838119/,107838119
2024-01-06,porta-romana-medaglie-d-oro,"4-room flat via Carlo Botta 16, Porta Romana - Medaglie d'Oro, Milan",4.0,123,2.0,579000.0,https://www.immobiliare.it/en/annunci/107843991/,107843991
2024-01-06,porta-romana-medaglie-d-oro,"2-room flat via Giulio Romano, Porta Romana - Medaglie d'Oro, Milan",2.0,60,1.0,355000.0,https://www.immobiliare.it/en/annunci/107835305/,107835305
2024-01-06,porta-romana-medaglie-d-oro,"2-room flat excellent condition, fifth floor, Porta Romana - Medaglie d'Oro, Milan",2.0,60,1.0,480000.0,https://www.immobiliare.it/en/annunci/107841481/,107841481
2024-01-06,porta-romana-medaglie-d-oro,"2-room flat via Friuli 32, Porta Romana - Medaglie d'Oro, Milan",2.0,52,1.0,319000.0,https://www.immobiliare.it/en/annunci/107804603/,107804603
2024-01-06,porta-romana-medaglie-d-oro,"Studio good condition, first floor, Porta Romana - Medaglie d'Oro, Milan",1.0,43,1.0,265000.0,https://www.immobiliare.it/en/annunci/107772057/,107772057
2024-01-06,porta-romana-medaglie-d-oro,"2-room flat excellent condition, first floor, Porta Romana - Medaglie d'Oro, Milan",2.0,50,1.0,360000.0,https://www.immobiliare.it/en/annunci/107775249/,107775249
2024-01-06,porta-romana-medaglie-d-oro,"2-room flat viale Monte Nero 8, Porta Romana - Medaglie d'Oro, Milan",2.0,95,2.0,419000.0,https://www.immobiliare.it/en/annunci/107758557/,107758557
2024-01-06,porta-romana-medaglie-d-oro,"Penthouse excellent condition, 130 m², Porta Romana - Medaglie d'Oro, Milan",4.0,130,2.0,1100000.0,https://www.immobiliare.it/en/annunci/108384917/,108384917
2024-01-06,porta-romana-medaglie-d-oro,"2-room flat viale Sabotino 7, Porta Romana - Medaglie d'Oro, Milan",2.0,50,1.0,269000.0,https://www.immobiliare.it/en/annunci/108127143/,108127143
2024-01-06,porta-romana-medaglie-d-oro,"3-room flat corso Lodi 34, Porta Romana - Medaglie d'Oro, Milan",3.0,90,1.0,599000.0,https://www.immobiliare.it/en/annunci/107642613/,107642613
2024-01-06,porta-romana-medaglie-d-oro,"3-room flat viale Umbria 25, Porta Romana - Medaglie d'Oro, Milan",3.0,75,1.0,465000.0,https://www.immobiliare.it/en/annunci/107643799/,107643799
2024-01-06,porta-romana-medaglie-d-oro,"Studio via San Rocco 20, Porta Romana - Medaglie d'Oro, Milan",1.0,60,1.0,450000.0,https://www.immobiliare.it/en/annunci/107653099/,107653099
2024-01-06,porta-romana-medaglie-d-oro,"Penthouse via Giuseppe Ripamonti 3, Porta Romana - Medaglie d'Oro, Milan",3.0,115,2.0,975000.0,https://www.immobiliare.it/en/annunci/107655379/,107655379
2024-01-06,porta-romana-medaglie-d-oro,"Apartment good condition, second floor, Porta Romana - Medaglie d'Oro, Milan",5.0,190,3.0,1280000.0,https://www.immobiliare.it/en/annunci/108440119/,108440119
2024-01-06,porta-romana-medaglie-d-oro,"4-room flat via Friuli 3, Porta Romana - Medaglie d'Oro, Milan",4.0,105,2.0,770000.0,https://www.immobiliare.it/en/annunci/107949625/,107949625
2024-01-06,porta-romana-medaglie-d-oro,"4-room flat via Lodovico Muratori 9, Porta Romana - Medaglie d'Oro, Milan",4.0,115,1.0,870000.0,https://www.immobiliare.it/en/annunci/107615533/,107615533
2024-01-06,porta-romana-medaglie-d-oro,"4-room flat via Gerolamo Tiraboschi, Porta Romana - Medaglie d'Oro, Milan",4.0,121,2.0,770000.0,https://www.immobiliare.it/en/annunci/107593253/,107593253
2024-01-06,porta-romana-medaglie-d-oro,"4-room flat good condition, Porta Romana - Medaglie d'Oro, Milan",4.0,111,1.0,870000.0,https://www.immobiliare.it/en/annunci/107594989/,107594989
2024-01-06,porta-romana-medaglie-d-oro,"Studio via Atto Vannucci 10, Porta Romana - Medaglie d'Oro, Milan",1.0,25,1.0,195000.0,https://www.immobiliare.it/en/annunci/107586535/,107586535
2024-01-06,porta-romana-medaglie-d-oro,"2-room flat excellent condition, ground floor, Porta Romana - Medaglie d'Oro, Milan",2.0,66,1.0,415000.0,https://www.immobiliare.it/en/annunci/107585873/,107585873
2024-01-06,porta-romana-medaglie-d-oro,"3-room flat via Tiraboschi, 2, Porta Romana - Medaglie d'Oro, Milan",3.0,90,2.0,687000.0,https://www.immobiliare.it/en/annunci/108340353/,108340353
2024-01-06,porta-romana-medaglie-d-oro,"2-room flat viale Umbria, Porta Romana - Medaglie d'Oro, Milan",2.0,91,1.0,595000.0,https://www.immobiliare.it/en/annunci/107557151/,107557151
2024-01-06,porta-romana-medaglie-d-oro,"Penthouse viale Isonzo 60, Porta Romana - Medaglie d'Oro, Milan",2.0,75,1.0,560000.0,https://www.immobiliare.it/en/annunci/107545857/,107545857
2024-01-06,porta-romana-medaglie-d-oro,"2-room flat excellent condition, fifth floor, Porta Romana - Medaglie d'Oro, Milan",2.0,100,2.0,635000.0,https://www.immobiliare.it/en/annunci/107590147/,107590147
2024-01-06,porta-romana-medaglie-d-oro,"Studio excellent condition, fifth floor, Porta Romana - Medaglie d'Oro, Milan",1.0,25,1.0,215000.0,https://www.immobiliare.it/en/annunci/107522193/,107522193
2024-01-06,porta-romana-medaglie-d-oro,"Penthouse viale Isonzo 60, Porta Romana - Medaglie d'Oro, Milan",3.0,83,1.0,620000.0,https://www.immobiliare.it/en/annunci/108031337/,108031337
2024-01-06,porta-romana-medaglie-d-oro,"3-room flat via Mantova, Porta Romana - Medaglie d'Oro, Milan",3.0,85,1.0,515000.0,https://www.immobiliare.it/en/annunci/107474029/,107474029
2024-01-06,porta-romana-medaglie-d-oro,"3-room flat viale Emilio Caldara 13, Quadronno - Crocetta, Milan",3.0,160,3.0,1550000.0,https://www.immobiliare.it/en/annunci/107471741/,107471741
2024-01-06,porta-romana-medaglie-d-oro,"3-room flat viale Emilio Caldara 13, Quadronno - Crocetta, Milan",3.0,100,2.0,1000000.0,https://www.immobiliare.it/en/annunci/107463307/,107463307
2024-01-06,porta-romana-medaglie-d-oro,"2-room flat via Mantova, Porta Romana - Medaglie d'Oro, Milan",2.0,50,1.0,470000.0,https://www.immobiliare.it/en/annunci/108206309/,108206309
2024-01-06,porta-romana-medaglie-d-oro,"2-room flat viale Emilio Caldara 13, Quadronno - Crocetta, Milan",2.0,70,1.0,650000.0,https://www.immobiliare.it/en/annunci/107426885/,107426885
2024-01-06,porta-romana-medaglie-d-oro,"2-room flat via Lodovico Muratori 54, Porta Romana - Medaglie d'Oro, Milan",2.0,54,1.0,265000.0,https://www.immobiliare.it/en/annunci/107395663/,107395663
2024-01-06,porta-romana-medaglie-d-oro,"2-room flat viale Umbria, Porta Romana - Medaglie d'Oro, Milan",2.0,50,1.0,360000.0,https://www.immobiliare.it/en/annunci/107399771/,107399771
2024-01-06,porta-romana-medaglie-d-oro,"4-room flat via Giuseppe Ripamonti 2, Bocconi, Milan",4.0,110,2.0,870000.0,https://www.immobiliare.it/en/annunci/107360605/,107360605
2024-01-06,porta-romana-medaglie-d-oro,"3-room flat viale Sabotino, Porta Romana - Medaglie d'Oro, Milan",3.0,100,1.0,595000.0,https://www.immobiliare.it/en/annunci/108454039/,108454039
2024-01-06,porta-romana-medaglie-d-oro,"4-room flat excellent condition, second floor, Porta Romana - Medaglie d'Oro, Milan",4.0,150,2.0,860000.0,https://www.immobiliare.it/en/annunci/107280417/,107280417
2024-01-06,porta-romana-medaglie-d-oro,"4-room flat viale Sabotino 6, Porta Romana - Medaglie d'Oro, Milan",4.0,160,2.0,1600000.0,https://www.immobiliare.it/en/annunci/107287737/,107287737
2024-01-06,porta-romana-medaglie-d-oro,"4-room flat excellent condition, second floor, Porta Romana - Medaglie d'Oro, Milan",4.0,150,2.0,850000.0,https://www.immobiliare.it/en/annunci/107280425/,107280425
2024-01-06,porta-romana-medaglie-d-oro,"4-room flat viale Cirene 18, Porta Romana - Medaglie d'Oro, Milan",4.0,163,2.0,1438000.0,https://www.immobiliare.it/en/annunci/107257385/,107257385
2024-01-06,porta-romana-medaglie-d-oro,"2-room flat viale Emilio Caldara 6, Porta Romana - Medaglie d'Oro, Milan",2.0,50,1.0,399000.0,https://www.immobiliare.it/en/annunci/107260541/,107260541
2024-01-06,porta-romana-medaglie-d-oro,"2-room flat viale Emilio Caldara 6, Porta Romana - Medaglie d'Oro, Milan",2.0,55,1.0,399000.0,https://www.immobiliare.it/en/annunci/107260543/,107260543
2024-01-06,porta-romana-medaglie-d-oro,"Loft via San Rocco, Porta Romana - Medaglie d'Oro, Milan",3.0,98,2.0,645000.0,https://www.immobiliare.it/en/annunci/108410363/,108410363
2024-01-06,porta-romana-medaglie-d-oro,"2-room flat viale Cirene, Porta Romana - Medaglie d'Oro, Milan",2.0,62,1.0,338000.0,https://www.immobiliare.it/en/annunci/107184829/,107184829
2024-01-06,porta-romana-medaglie-d-oro,"3-room flat viale Emilio Caldara, Porta Romana - Medaglie d'Oro, Milan",3.0,110,1.0,790000.0,https://www.immobiliare.it/en/annunci/107188623/,107188623
2024-01-06,porta-romana-medaglie-d-oro,"3-room flat via Pietro Colletta 18, Porta Romana - Medaglie d'Oro, Milan",3.0,86,1.0,459000.0,https://www.immobiliare.it/en/annunci/107965665/,107965665
2024-01-06,porta-romana-medaglie-d-oro,"3-room flat viale Umbria 21, Porta Romana - Medaglie d'Oro, Milan",3.0,70,1.0,478000.0,https://www.immobiliare.it/en/annunci/108407531/,108407531
2024-01-06,porta-romana-medaglie-d-oro,"4-room flat via Verona 11, Porta Romana - Medaglie d'Oro, Milan",4.0,158,3.0,1290000.0,https://www.immobiliare.it/en/annunci/107032213/,107032213
2024-01-06,porta-romana-medaglie-d-oro,"4-room flat piazzale Libia 5, Porta Romana - Medaglie d'Oro, Milan",4.0,225,2.0,1290000.0,https://www.immobiliare.it/en/annunci/107019639/,107019639
2024-01-06,porta-romana-medaglie-d-oro,"2-room flat via Verona, Porta Romana - Medaglie d'Oro, Milan",2.0,45,1.0,285000.0,https://www.immobiliare.it/en/annunci/107040791/,107040791
2024-01-06,porta-romana-medaglie-d-oro,"Building via Verona 9, Porta Romana - Medaglie d'Oro, Milan",,,,2700000.0,https://www.immobiliare.it/en/annunci/107031159/,107031159
2024-01-06,porta-romana-medaglie-d-oro,"3-room flat viale Cirene 22, Porta Romana - Medaglie d'Oro, Milan",3.0,90,1.0,560000.0,https://www.immobiliare.it/en/annunci/108193235/,108193235
2024-01-06,porta-romana-medaglie-d-oro,"2-room flat corso Lodi, Porta Romana - Medaglie d'Oro, Milan",2.0,95,2.0,465000.0,https://www.immobiliare.it/en/annunci/106952569/,106952569
2024-01-06,porta-romana-medaglie-d-oro,"3-room flat via Gerolamo Tiraboschi 6, Porta Romana - Medaglie d'Oro, Milan",3.0,80,1.0,780000.0,https://www.immobiliare.it/en/annunci/106889543/,106889543
2024-01-06,porta-romana-medaglie-d-oro,"Attic via Piacenza 8, Porta Romana - Medaglie d'Oro, Milan",2.0,65,1.0,199000.0,https://www.immobiliare.it/en/annunci/108126277/,108126277
2024-01-06,porta-romana-medaglie-d-oro,"Loft Vicinanze piazza Medaglie D'Oro, Porta Romana - Medaglie d'Oro, Milan",2.0,45,1.0,395000.0,https://www.immobiliare.it/en/annunci/108454053/,108454053
2024-01-06,porta-romana-medaglie-d-oro,"Loft Vicinanze piazzale Libia, Porta Romana - Medaglie d'Oro, Milan",2.0,58,1.0,369000.0,https://www.immobiliare.it/en/annunci/108454043/,108454043
2024-01-06,porta-romana-medaglie-d-oro,"4-room flat piazza Medaglie D'Oro, Porta Romana - Medaglie d'Oro, Milan",4.0,140,2.0,1050000.0,https://www.immobiliare.it/en/annunci/108454067/,108454067
2024-01-06,porta-romana-medaglie-d-oro,"Loft via Crema, Porta Romana - Medaglie d'Oro, Milan",4.0,420,3.0,2100000.0,https://www.immobiliare.it/en/annunci/107056797/,107056797
2024-01-06,porta-romana-medaglie-d-oro,"3-room flat viale Monte Nero 28, Porta Romana - Medaglie d'Oro, Milan",3.0,110,2.0,,https://www.immobiliare.it/en/annunci/106781871/,106781871
2024-01-06,porta-romana-medaglie-d-oro,"2-room flat piazzale Lodi, Lodi - Brenta, Milan",2.0,60,1.0,495000.0,https://www.immobiliare.it/en/annunci/106781247/,106781247
2024-01-06,porta-romana-medaglie-d-oro,"3-room flat corso Lodi 38, Porta Romana - Medaglie d'Oro, Milan",3.0,102,1.0,750000.0,https://www.immobiliare.it/en/annunci/107963263/,107963263
2024-01-06,porta-romana-medaglie-d-oro,"4-room flat viale Sabotino 6, Porta Romana - Medaglie d'Oro, Milan",4.0,117,2.0,750000.0,https://www.immobiliare.it/en/annunci/106736211/,106736211
2024-01-06,porta-romana-medaglie-d-oro,"3-room flat viale Sabotino 6, Porta Romana - Medaglie d'Oro, Milan",3.0,92,2.0,580000.0,https://www.immobiliare.it/en/annunci/106737867/,106737867
2024-01-06,porta-romana-medaglie-d-oro,"Apartment viale Sabotino 6, Porta Romana - Medaglie d'Oro, Milan",5.0,315,3.0,1990000.0,https://www.immobiliare.it/en/annunci/106739025/,106739025
2024-01-06,porta-romana-medaglie-d-oro,"3-room flat viale Sabotino 6, Porta Romana - Medaglie d'Oro, Milan",3.0,120,2.0,710000.0,https://www.immobiliare.it/en/annunci/106737179/,106737179
2024-01-06,porta-romana-medaglie-d-oro,"2-room flat via Crema 31, Porta Romana - Medaglie d'Oro, Milan",2.0,80,2.0,470000.0,https://www.immobiliare.it/en/annunci/108206327/,108206327
2024-01-06,porta-romana-medaglie-d-oro,"3-room flat viale Sabotino 6, Porta Romana - Medaglie d'Oro, Milan",3.0,120,2.0,860000.0,https://www.immobiliare.it/en/annunci/106736849/,106736849
2024-01-06,porta-romana-medaglie-d-oro,"Apartment viale Sabotino 6, Porta Romana - Medaglie d'Oro, Milan",5.0,325,3.0,2440000.0,https://www.immobiliare.it/en/annunci/106739265/,106739265
2024-01-06,porta-romana-medaglie-d-oro,"3-room flat viale Sabotino 6, Porta Romana - Medaglie d'Oro, Milan",3.0,92,2.0,690000.0,https://www.immobiliare.it/en/annunci/106737453/,106737453
2024-01-06,porta-romana-medaglie-d-oro,"4-room flat via Sigieri 11, Porta Romana - Medaglie d'Oro, Milan",4.0,170,3.0,1100000.0,https://www.immobiliare.it/en/annunci/106750495/,106750495
2024-01-06,porta-romana-medaglie-d-oro,"Penthouse via Giuseppe Ripamonti 3, Porta Romana - Medaglie d'Oro, Milan",3.0,110,2.0,1000000.0,https://www.immobiliare.it/en/annunci/106718139/,106718139
2024-01-06,porta-romana-medaglie-d-oro,"Apartment at auction via Giuseppe Ripamonti, 36, Milan",,,,209250.0,https://www.immobiliare.it/en/annunci/106702091/,106702091
2024-01-06,porta-romana-medaglie-d-oro,"4-room flat viale Sabotino 6, Porta Romana - Medaglie d'Oro, Milan",4.0,117,2.0,890000.0,https://www.immobiliare.it/en/annunci/106693747/,106693747
2024-01-06,porta-romana-medaglie-d-oro,"3-room flat via San Rocco, Porta Romana - Medaglie d'Oro, Milan",3.0,115,2.0,970000.0,https://www.immobiliare.it/en/annunci/106683101/,106683101
2024-01-06,porta-romana-medaglie-d-oro,"Apartment via Francesco Burlamacchi 3, Porta Romana - Medaglie d'Oro, Milan",5.0,260,3.0,,https://www.immobiliare.it/en/annunci/107964387/,107964387
2024-01-06,porta-romana-medaglie-d-oro,"Apartment at auction via Giuseppe Ripamonti 36, Milan",3.0,93,1.0,209250.0,https://www.immobiliare.it/en/annunci/106599765/,106599765
2024-01-06,porta-romana-medaglie-d-oro,"2-room flat viale Monte Nero 31, Porta Romana - Medaglie d'Oro, Milan",2.0,45,1.0,375000.0,https://www.immobiliare.it/en/annunci/106576699/,106576699
2024-01-06,porta-romana-medaglie-d-oro,"3-room flat viale Monte Nero 31, Porta Romana - Medaglie d'Oro, Milan",3.0,110,2.0,750000.0,https://www.immobiliare.it/en/annunci/106573833/,106573833
2024-01-06,porta-romana-medaglie-d-oro,"Loft via San Rocco, Porta Romana - Medaglie d'Oro, Milan",2.0,95,2.0,645000.0,https://www.immobiliare.it/en/annunci/106574309/,106574309
2024-01-06,porta-romana-medaglie-d-oro,"4-room flat viale Filippetti, 28/a, Porta Romana - Medaglie d'Oro, Milan",4.0,171,2.0,1199000.0,https://www.immobiliare.it/en/annunci/106586157/,106586157
2024-01-06,porta-romana-medaglie-d-oro,"Attic via Piacenza 8, Porta Romana - Medaglie d'Oro, Milan",2.0,85,1.0,299000.0,https://www.immobiliare.it/en/annunci/108167527/,108167527
2024-01-06,porta-romana-medaglie-d-oro,"2-room flat via Gian Carlo Passeroni 6, Porta Romana - Medaglie d'Oro, Milan",2.0,76,1.0,550000.0,https://www.immobiliare.it/en/annunci/106520159/,106520159
2024-01-06,porta-romana-medaglie-d-oro,"2-room flat piazza Trento 1, Porta Romana - Medaglie d'Oro, Milan",2.0,60,1.0,480000.0,https://www.immobiliare.it/en/annunci/106486045/,106486045
2024-01-06,porta-romana-medaglie-d-oro,"3-room flat via Francesco Burlamacchi 11, Porta Romana - Medaglie d'Oro, Milan",3.0,64,1.0,388000.0,https://www.immobiliare.it/en/annunci/106687745/,106687745
2024-01-06,porta-romana-medaglie-d-oro,"4-room flat piazza Medaglie D'Oro, Porta Romana - Medaglie d'Oro, Milan",4.0,145,2.0,990000.0,https://www.immobiliare.it/en/annunci/108454027/,108454027
2024-01-06,porta-romana-medaglie-d-oro,"3-room flat via Giulio Romano/Ripamonti, Bocconi, Milan",3.0,85,1.0,620000.0,https://www.immobiliare.it/en/annunci/108454035/,108454035
2024-01-06,porta-romana-medaglie-d-oro,"3-room flat viale Monte Nero 5, Porta Romana - Medaglie d'Oro, Milan",3.0,116,2.0,780000.0,https://www.immobiliare.it/en/annunci/107621589/,107621589
2024-01-06,porta-romana-medaglie-d-oro,"3-room flat viale Umbria 25, Porta Romana - Medaglie d'Oro, Milan",3.0,82,1.0,459000.0,https://www.immobiliare.it/en/annunci/106365897/,106365897
2024-01-06,porta-romana-medaglie-d-oro,"4-room flat via Francesco Burlamacchi 11, Porta Romana - Medaglie d'Oro, Milan",4.0,150,2.0,1150000.0,https://www.immobiliare.it/en/annunci/106322277/,106322277
2024-01-06,porta-romana-medaglie-d-oro,"2-room flat via Francesco Burlamacchi 6, Porta Romana - Medaglie d'Oro, Milan",2.0,40,1.0,350000.0,https://www.immobiliare.it/en/annunci/106197483/,106197483
2024-01-06,porta-romana-medaglie-d-oro,"2-room flat via Pier Lombardo 5, Porta Romana - Medaglie d'Oro, Milan",2.0,80,1.0,475000.0,https://www.immobiliare.it/en/annunci/106148205/,106148205
2024-01-06,porta-romana-medaglie-d-oro,"Studio viale Sabotino 8, Porta Romana - Medaglie d'Oro, Milan",1.0,42,1.0,390000.0,https://www.immobiliare.it/en/annunci/106120845/,106120845
2024-01-06,porta-romana-medaglie-d-oro,"3-room flat via Sigieri 22, Porta Romana - Medaglie d'Oro, Milan",3.0,70,2.0,548000.0,https://www.immobiliare.it/en/annunci/106046493/,106046493
2024-01-06,porta-romana-medaglie-d-oro,"3-room flat Strada della Carità 2, Porta Romana - Medaglie d'Oro, Milan",3.0,123,2.0,399000.0,https://www.immobiliare.it/en/annunci/106039113/,106039113
2024-01-06,porta-romana-medaglie-d-oro,"4-room flat via Andrea Palladio 10, Porta Romana - Medaglie d'Oro, Milan",4.0,150,1.0,810000.0,https://www.immobiliare.it/en/annunci/106033663/,106033663
2024-01-06,porta-romana-medaglie-d-oro,"2-room flat via Salasco, Bocconi, Milan",2.0,65,1.0,565000.0,https://www.immobiliare.it/en/annunci/106041147/,106041147
2024-01-06,porta-romana-medaglie-d-oro,"Loft via Serviliano Lattuada 6, Porta Romana - Medaglie d'Oro, Milan",2.0,46,1.0,375000.0,https://www.immobiliare.it/en/annunci/105992817/,105992817
2024-01-06,porta-romana-medaglie-d-oro,"3-room flat via Lodovico Muratori 55, Porta Romana - Medaglie d'Oro, Milan",3.0,120,1.0,665000.0,https://www.immobiliare.it/en/annunci/105933131/,105933131
2024-01-06,porta-romana-medaglie-d-oro,"3-room flat piazza Bruno Buozzi, Porta Romana - Medaglie d'Oro, Milan",3.0,126,1.0,840000.0,https://www.immobiliare.it/en/annunci/105908653/,105908653
2024-01-06,porta-romana-medaglie-d-oro,"3-room flat viale Monte Nero 10, Porta Romana - Medaglie d'Oro, Milan",3.0,90,2.0,768000.0,https://www.immobiliare.it/en/annunci/106871069/,106871069
2024-01-06,porta-romana-medaglie-d-oro,"3-room flat viale Angelo Filippetti 26, Porta Romana - Medaglie d'Oro, Milan",3.0,100,1.0,589000.0,https://www.immobiliare.it/en/annunci/107100839/,107100839
2024-01-06,porta-romana-medaglie-d-oro,"2-room flat via Adige 17, Porta Romana - Medaglie d'Oro, Milan",2.0,64,1.0,460000.0,https://www.immobiliare.it/en/annunci/107674777/,107674777
2024-01-06,porta-romana-medaglie-d-oro,"4-room flat viale Emilio Caldara, Porta Romana - Medaglie d'Oro, Milan",4.0,140,2.0,990000.0,https://www.immobiliare.it/en/annunci/107099621/,107099621
2024-01-06,porta-romana-medaglie-d-oro,"4-room flat excellent condition, sixth floor, Porta Romana - Medaglie d'Oro, Milan",4.0,190,3.0,1950000.0,https://www.immobiliare.it/en/annunci/105811599/,105811599
2024-01-06,porta-romana-medaglie-d-oro,"2-room flat via Francesco Burlamacchi 6, Porta Romana - Medaglie d'Oro, Milan",2.0,40,1.0,350000.0,https://www.immobiliare.it/en/annunci/105769393/,105769393
2024-01-06,porta-romana-medaglie-d-oro,"4-room flat via Lodovico Muratori, Porta Romana - Medaglie d'Oro, Milan",4.0,104,1.0,870000.0,https://www.immobiliare.it/en/annunci/105701087/,105701087
2024-01-06,porta-romana-medaglie-d-oro,"2-room flat via Giuseppe Ripamonti 13, Porta Romana - Medaglie d'Oro, Milan",2.0,50,1.0,365000.0,https://www.immobiliare.it/en/annunci/107064999/,107064999
2024-01-06,porta-romana-medaglie-d-oro,"2-room flat via Francesco Burlamacchi 6, Porta Romana - Medaglie d'Oro, Milan",2.0,40,1.0,349000.0,https://www.immobiliare.it/en/annunci/105546457/,105546457
2024-01-06,porta-romana-medaglie-d-oro,"2-room flat via Giuseppe Ripamonti 22, Bocconi, Milan",2.0,40,1.0,290000.0,https://www.immobiliare.it/en/annunci/105531125/,105531125
2024-01-06,porta-romana-medaglie-d-oro,"3-room flat via Ludovico Muratori 55, Porta Romana - Medaglie d'Oro, Milan",3.0,120,1.0,665000.0,https://www.immobiliare.it/en/annunci/105483165/,105483165
2024-01-06,porta-romana-medaglie-d-oro,"3-room flat via Gerolamo Tiraboschi 6, Porta Romana - Medaglie d'Oro, Milan",3.0,131,2.0,550000.0,https://www.immobiliare.it/en/annunci/108366977/,108366977
2024-01-06,porta-romana-medaglie-d-oro,"4-room flat via Serviliano Lattuada, Porta Romana - Medaglie d'Oro, Milan",4.0,123,2.0,579000.0,https://www.immobiliare.it/en/annunci/106118077/,106118077
2024-01-06,porta-romana-medaglie-d-oro,"Attic via Piacenza 8, Porta Romana - Medaglie d'Oro, Milan",4.0,200,2.0,498000.0,https://www.immobiliare.it/en/annunci/108197975/,108197975
2024-01-06,porta-romana-medaglie-d-oro,"3-room flat via Lodovico Muratori 48, Porta Romana - Medaglie d'Oro, Milan",3.0,69,1.0,430000.0,https://www.immobiliare.it/en/annunci/105080325/,105080325
2024-01-06,porta-romana-medaglie-d-oro,"4-room flat viale Emilio Caldara, Porta Romana - Medaglie d'Oro, Milan",4.0,140,2.0,990000.0,https://www.immobiliare.it/en/annunci/107968821/,107968821
2024-01-06,porta-romana-medaglie-d-oro,"2-room flat viale Monte Nero, Porta Romana - Medaglie d'Oro, Milan",2.0,60,1.0,619000.0,https://www.immobiliare.it/en/annunci/104930815/,104930815
2024-01-06,porta-romana-medaglie-d-oro,"3-room flat piazzale Medaglie d'Oro, Porta Romana - Medaglie d'Oro, Milan",3.0,160,2.0,1050000.0,https://www.immobiliare.it/en/annunci/108120643/,108120643
2024-01-06,porta-romana-medaglie-d-oro,"3-room flat viale Emilio Caldara 27, Quadronno - Crocetta, Milan",3.0,98,1.0,570000.0,https://www.immobiliare.it/en/annunci/104667881/,104667881
2024-01-06,porta-romana-medaglie-d-oro,"Studio viale Umbria 9, Porta Romana - Medaglie d'Oro, Milan",1.0,26,1.0,180000.0,https://www.immobiliare.it/en/annunci/104686209/,104686209
2024-01-06,porta-romana-medaglie-d-oro,"3-room flat viale Umbria 21, Porta Romana - Medaglie d'Oro, Milan",3.0,70,1.0,478000.0,https://www.immobiliare.it/en/annunci/104621295/,104621295
2024-01-06,porta-romana-medaglie-d-oro,"3-room flat viale Umbria 21, Porta Romana - Medaglie d'Oro, Milan",3.0,65,1.0,478000.0,https://www.immobiliare.it/en/annunci/107636721/,107636721
2024-01-06,porta-romana-medaglie-d-oro,"3-room flat new, second floor, Porta Romana - Medaglie d'Oro, Milan",3.0,65,1.0,478000.0,https://www.immobiliare.it/en/annunci/107946877/,107946877
2024-01-06,porta-romana-medaglie-d-oro,"2-room flat via Lazzaro Papi 12, Porta Romana - Medaglie d'Oro, Milan",2.0,65,1.0,450000.0,https://www.immobiliare.it/en/annunci/105556673/,105556673
2024-01-06,porta-romana-medaglie-d-oro,"2-room flat viale Monte Nero 20, Porta Romana - Medaglie d'Oro, Milan",2.0,50,1.0,420000.0,https://www.immobiliare.it/en/annunci/104544341/,104544341
2024-01-06,porta-romana-medaglie-d-oro,"Penthouse via San Gerolamo Emiliani, Porta Romana - Medaglie d'Oro, Milan",5.0,185,2.0,1190000.0,https://www.immobiliare.it/en/annunci/104444707/,104444707
2024-01-06,porta-romana-medaglie-d-oro,"Penthouse viale Isonzo, Porta Romana - Medaglie d'Oro, Milan",3.0,80,1.0,485000.0,https://www.immobiliare.it/en/annunci/104385095/,104385095
2024-01-06,porta-romana-medaglie-d-oro,"Apartment via Carlo Botta 36, Porta Romana - Medaglie d'Oro, Milan",5.0,280,2.0,2100000.0,https://www.immobiliare.it/en/annunci/107508699/,107508699
2024-01-06,porta-romana-medaglie-d-oro,"4-room flat good condition, fourth floor, Porta Romana - Medaglie d'Oro, Milan",4.0,150,1.0,810000.0,https://www.immobiliare.it/en/annunci/105628419/,105628419
2024-01-06,porta-romana-medaglie-d-oro,"Apartment via Serviliano Lattuada 30, Porta Romana - Medaglie d'Oro, Milan",5.0,155,2.0,1180000.0,https://www.immobiliare.it/en/annunci/104264163/,104264163
2024-01-06,porta-romana-medaglie-d-oro,"2-room flat via Atto Vannucci 20, Porta Romana - Medaglie d'Oro, Milan",2.0,62,1.0,555000.0,https://www.immobiliare.it/en/annunci/104171501/,104171501
2024-01-06,porta-romana-medaglie-d-oro,"2-room flat viale Umbria 29, Porta Romana - Medaglie d'Oro, Milan",2.0,63,1.0,340000.0,https://www.immobiliare.it/en/annunci/104170361/,104170361
2024-01-06,porta-romana-medaglie-d-oro,"4-room flat viale Umbria 15, Porta Romana - Medaglie d'Oro, Milan",4.0,110,1.0,786000.0,https://www.immobiliare.it/en/annunci/108007947/,108007947
2024-01-06,porta-romana-medaglie-d-oro,"Apartment via Trebbia, Porta Romana - Medaglie d'Oro, Milan",5.0,400,3.0,2200000.0,https://www.immobiliare.it/en/annunci/103926883/,103926883
2024-01-06,porta-romana-medaglie-d-oro,"Apartment via Serviliano Lattuada 17, Porta Romana - Medaglie d'Oro, Milan",5.0,370,3.0,3900000.0,https://www.immobiliare.it/en/annunci/103920493/,103920493
2024-01-06,porta-romana-medaglie-d-oro,"3-room flat via Trebbia 5, Porta Romana - Medaglie d'Oro, Milan",3.0,160,1.0,950000.0,https://www.immobiliare.it/en/annunci/103794250/,103794250
2024-01-06,porta-romana-medaglie-d-oro,"3-room flat via Trebbia 5, Porta Romana - Medaglie d'Oro, Milan",3.0,250,3.0,1580000.0,https://www.immobiliare.it/en/annunci/103792794/,103792794
2024-01-06,porta-romana-medaglie-d-oro,"2-room flat via Lodovico Muratori 48, Porta Romana - Medaglie d'Oro, Milan",2.0,69,1.0,430000.0,https://www.immobiliare.it/en/annunci/103409976/,103409976
2024-01-06,porta-romana-medaglie-d-oro,"Loft, excellent condition, ground floor, Porta Romana - Medaglie d'Oro, Milan",5.0,250,3.0,950000.0,https://www.immobiliare.it/en/annunci/103418852/,103418852
2024-01-06,porta-romana-medaglie-d-oro,"3-room flat via Friuli 8, Porta Romana - Medaglie d'Oro, Milan",3.0,110,2.0,625000.0,https://www.immobiliare.it/en/annunci/103357840/,103357840
2024-01-06,porta-romana-medaglie-d-oro,"3-room flat via Adige 12, Porta Romana - Medaglie d'Oro, Milan",3.0,95,1.0,565000.0,https://www.immobiliare.it/en/annunci/103297428/,103297428
2024-01-06,porta-romana-medaglie-d-oro,"3-room flat viale Emilio Caldara, Porta Romana - Medaglie d'Oro, Milan",3.0,80,2.0,289000.0,https://www.immobiliare.it/en/annunci/103112120/,103112120
2024-01-06,porta-romana-medaglie-d-oro,"Loft via Adige, Porta Romana - Medaglie d'Oro, Milan",5.0,203,2.0,950000.0,https://www.immobiliare.it/en/annunci/103113274/,103113274
2024-01-06,porta-romana-medaglie-d-oro,"3-room flat piazzale Medaglie d'Oro, Porta Romana - Medaglie d'Oro, Milan",3.0,110,1.0,675000.0,https://www.immobiliare.it/en/annunci/102911340/,102911340
2024-01-06,porta-romana-medaglie-d-oro,"4-room flat to be refurbished, fourth floor, Porta Romana - Medaglie d'Oro, Milan",4.0,145,3.0,890000.0,https://www.immobiliare.it/en/annunci/102320112/,102320112
2024-01-06,porta-romana-medaglie-d-oro,"2-room flat viale Emilio Caldara, Porta Romana - Medaglie d'Oro, Milan",2.0,55,1.0,490000.0,https://www.immobiliare.it/en/annunci/102091934/,102091934
2024-01-06,porta-romana-medaglie-d-oro,"Single family villa via Tito Livio 2, Lodi - Brenta, Milan",3.0,155,2.0,850000.0,https://www.immobiliare.it/en/annunci/102056862/,102056862
2024-01-06,porta-romana-medaglie-d-oro,"4-room flat viale Emilio Caldara, Porta Romana - Medaglie d'Oro, Milan",4.0,140,2.0,990000.0,https://www.immobiliare.it/en/annunci/102037490/,102037490
2024-01-06,porta-romana-medaglie-d-oro,"Building corso Lodi 15, Porta Romana - Medaglie d'Oro, Milan",3.0,100,2.0,930000.0,https://www.immobiliare.it/en/annunci/101721541/,101721541
2024-01-06,porta-romana-medaglie-d-oro,"3-room flat corso Lodi 15, Porta Romana - Medaglie d'Oro, Milan",3.0,100,2.0,930000.0,https://www.immobiliare.it/en/annunci/101729369/,101729369
2024-01-06,porta-romana-medaglie-d-oro,"2-room flat via Crema, Porta Romana - Medaglie d'Oro, Milan",2.0,60,1.0,400000.0,https://www.immobiliare.it/en/annunci/101530873/,101530873
2024-01-06,porta-romana-medaglie-d-oro,"2-room flat via San Gerolamo Emiliani 7, Porta Romana - Medaglie d'Oro, Milan",2.0,70,1.0,395000.0,https://www.immobiliare.it/en/annunci/101484409/,101484409
2024-01-06,porta-romana-medaglie-d-oro,"Apartment viale Emilio Caldara, Porta Romana - Medaglie d'Oro, Milan",5.0,140,2.0,990000.0,https://www.immobiliare.it/en/annunci/101233675/,101233675
2024-01-06,porta-romana-medaglie-d-oro,"Apartment via Atto Vannucci, Porta Romana - Medaglie d'Oro, Milan",5.0,115,3.0,790000.0,https://www.immobiliare.it/en/annunci/101216263/,101216263
2024-01-06,porta-romana-medaglie-d-oro,"3-room flat via Mantova 7, Porta Romana - Medaglie d'Oro, Milan",3.0,79,1.0,450000.0,https://www.immobiliare.it/en/annunci/101101371/,101101371
2024-01-06,porta-romana-medaglie-d-oro,"2-room flat via SAN GEROLAMO EMILIANI 12, Porta Romana - Medaglie d'Oro, Milan",2.0,65,1.0,425000.0,https://www.immobiliare.it/en/annunci/100993447/,100993447
2024-01-06,porta-romana-medaglie-d-oro,"3-room flat via Adige 20, Porta Romana - Medaglie d'Oro, Milan",3.0,70,2.0,470000.0,https://www.immobiliare.it/en/annunci/100992111/,100992111
2024-01-06,porta-romana-medaglie-d-oro,"3-room flat via Giulio Romano 15, Porta Romana - Medaglie d'Oro, Milan",3.0,100,1.0,710000.0,https://www.immobiliare.it/en/annunci/100864379/,100864379
2024-01-06,porta-romana-medaglie-d-oro,"Loft via Giuseppe Ripamonti 2, Bocconi, Milan",2.0,50,,259000.0,https://www.immobiliare.it/en/annunci/100790007/,100790007
2024-01-06,porta-romana-medaglie-d-oro,"3-room flat viale Isonzo, Porta Romana - Medaglie d'Oro, Milan",3.0,95,2.0,610000.0,https://www.immobiliare.it/en/annunci/100562516/,100562516
2024-01-06,porta-romana-medaglie-d-oro,"3-room flat good condition, second floor, Porta Romana - Medaglie d'Oro, Milan",3.0,90,1.0,540000.0,https://www.immobiliare.it/en/annunci/100427094/,100427094
2024-01-06,porta-romana-medaglie-d-oro,"2-room flat via Lodovico Muratori 15, Porta Romana - Medaglie d'Oro, Milan",2.0,45,1.0,299000.0,https://www.immobiliare.it/en/annunci/100318012/,100318012
2024-01-06,porta-romana-medaglie-d-oro,"Apartment via Muratori 30, Porta Romana - Medaglie d'Oro, Milan",5.0,195,2.0,1295000.0,https://www.immobiliare.it/en/annunci/99554470/,99554470
2024-01-06,porta-romana-medaglie-d-oro,"3-room flat via Giorgio Vasari 19, Porta Romana - Medaglie d'Oro, Milan",3.0,119,2.0,949000.0,https://www.immobiliare.it/en/annunci/100654879/,100654879
2024-01-06,porta-romana-medaglie-d-oro,"Building via Lazzaro Papi 2, Porta Romana - Medaglie d'Oro, Milan",5.0,950,3.0,6500000.0,https://www.immobiliare.it/en/annunci/99547482/,99547482
2024-01-06,porta-romana-medaglie-d-oro,"3-room flat viale Angelo Filippetti 28, Porta Romana - Medaglie d'Oro, Milan",3.0,100,1.0,650000.0,https://www.immobiliare.it/en/annunci/99010862/,99010862
2024-01-06,porta-romana-medaglie-d-oro,"3-room flat via Giuseppe Ripamonti 21, Porta Romana - Medaglie d'Oro, Milan",3.0,115,2.0,790000.0,https://www.immobiliare.it/en/annunci/99382966/,99382966
2024-01-06,porta-romana-medaglie-d-oro,"3-room flat piazzale Medaglie d'Oro, Porta Romana - Medaglie d'Oro, Milan",3.0,100,1.0,680000.0,https://www.immobiliare.it/en/annunci/98825122/,98825122
2024-01-06,porta-romana-medaglie-d-oro,"2-room flat via Giulio Romano 15, Porta Romana - Medaglie d'Oro, Milan",2.0,103,2.0,470000.0,https://www.immobiliare.it/en/annunci/101299277/,101299277
2024-01-06,porta-romana-medaglie-d-oro,"3-room flat viale Isonzo, Porta Romana - Medaglie d'Oro, Milan",3.0,95,2.0,610000.0,https://www.immobiliare.it/en/annunci/97564580/,97564580
2024-01-06,porta-romana-medaglie-d-oro,"2-room flat viale Isonzo, Porta Romana - Medaglie d'Oro, Milan",2.0,40,1.0,280000.0,https://www.immobiliare.it/en/annunci/97565564/,97565564
2024-01-06,porta-romana-medaglie-d-oro,"2-room flat viale Isonzo, Porta Romana - Medaglie d'Oro, Milan",2.0,45,1.0,300000.0,https://www.immobiliare.it/en/annunci/97564788/,97564788
2024-01-06,porta-romana-medaglie-d-oro,"3-room flat viale Isonzo, Porta Romana - Medaglie d'Oro, Milan",3.0,85,2.0,570000.0,https://www.immobiliare.it/en/annunci/97564864/,97564864
2024-01-06,porta-romana-medaglie-d-oro,"2-room flat Strada della Carità 2, Porta Romana - Medaglie d'Oro, Milan",2.0,70,1.0,399000.0,https://www.immobiliare.it/en/annunci/97151200/,97151200
2024-01-06,porta-romana-medaglie-d-oro,"2-room flat via Adige 20, Porta Romana - Medaglie d'Oro, Milan",2.0,50,1.0,340000.0,https://www.immobiliare.it/en/annunci/96513822/,96513822
2024-01-06,porta-romana-medaglie-d-oro,"3-room flat to be refurbished, third floor, Porta Romana - Medaglie d'Oro, Milan",3.0,90,1.0,570000.0,https://www.immobiliare.it/en/annunci/95248548/,95248548
2024-01-06,porta-romana-medaglie-d-oro,"3-room flat viale Emilio Caldara, Porta Romana - Medaglie d'Oro, Milan",3.0,110,1.0,720000.0,https://www.immobiliare.it/en/annunci/94746776/,94746776
2024-01-06,porta-romana-medaglie-d-oro,"3-room flat viale Umbria 44, Lodi - Brenta, Milan",3.0,80,1.0,475000.0,https://www.immobiliare.it/en/annunci/91544252/,91544252
2024-01-06,porta-romana-cadore-montenero,"4-room flat via Friuli 51, Cadore, Milan",4.0,140,2.0,1040000.0,https://www.immobiliare.it/en/annunci/108430669/,108430669
2024-01-06,porta-romana-cadore-montenero,"Studio viale Umbria, Martini - Insubria, Milan",1.0,70,1.0,420000.0,https://www.immobiliare.it/en/annunci/108418933/,108418933
2024-01-06,porta-romana-cadore-montenero,"Apartment viale Montenero 72, Montenero, Milan",5.0,285,2.0,2140000.0,https://www.immobiliare.it/en/annunci/108400041/,108400041
2024-01-06,porta-romana-cadore-montenero,"4-room flat viale Monte Nero, Montenero, Milan",4.0,110,2.0,876000.0,https://www.immobiliare.it/en/annunci/108381711/,108381711
2024-01-06,porta-romana-cadore-montenero,"3-room flat via Emilio Morosini, Cadore, Milan",3.0,115,2.0,897000.0,https://www.immobiliare.it/en/annunci/108381659/,108381659
2024-01-06,porta-romana-cadore-montenero,"3-room flat via Augusto Anfossi, Montenero, Milan",3.0,110,1.0,778000.0,https://www.immobiliare.it/en/annunci/108381719/,108381719
2024-01-06,porta-romana-cadore-montenero,"3-room flat via Friuli, Cadore, Milan",3.0,120,1.0,825000.0,https://www.immobiliare.it/en/annunci/108381793/,108381793
2024-01-06,porta-romana-cadore-montenero,"3-room flat via Spartaco, Cadore, Milan",3.0,90,1.0,748000.0,https://www.immobiliare.it/en/annunci/108381853/,108381853
2024-01-06,porta-romana-cadore-montenero,"3-room flat via Simone D Orsenigo, Cadore, Milan",3.0,95,1.0,776000.0,https://www.immobiliare.it/en/annunci/108382313/,108382313
2024-01-06,porta-romana-cadore-montenero,"3-room flat via Simone D Orsenigo, Cadore, Milan",3.0,95,2.0,775000.0,https://www.immobiliare.it/en/annunci/108381657/,108381657
2024-01-06,porta-romana-cadore-montenero,"3-room flat via Cadore, Cadore, Milan",3.0,100,1.0,830000.0,https://www.immobiliare.it/en/annunci/108382337/,108382337
2024-01-06,porta-romana-cadore-montenero,"3-room flat via Cadore, Cadore, Milan",3.0,100,1.0,745000.0,https://www.immobiliare.it/en/annunci/108382247/,108382247
2024-01-06,porta-romana-cadore-montenero,"2-room flat viale Umbria 64, Martini - Insubria, Milan",2.0,50,1.0,325000.0,https://www.immobiliare.it/en/annunci/108349979/,108349979
2024-01-06,porta-romana-cadore-montenero,"2-room flat via Perugino, Cadore, Milan",2.0,40,1.0,300000.0,https://www.immobiliare.it/en/annunci/108353367/,108353367
2024-01-06,porta-romana-cadore-montenero,"Loft viale Umbria, Martini - Insubria, Milan",1.0,60,1.0,290000.0,https://www.immobiliare.it/en/annunci/108454047/,108454047
2024-01-06,porta-romana-cadore-montenero,"2-room flat viale Umbria 58, Martini - Insubria, Milan",2.0,42,1.0,315000.0,https://www.immobiliare.it/en/annunci/108316261/,108316261
2024-01-06,porta-romana-cadore-montenero,"2-room flat viale Umbria 64, Martini - Insubria, Milan",2.0,61,1.0,272000.0,https://www.immobiliare.it/en/annunci/108276083/,108276083
2024-01-06,porta-romana-cadore-montenero,"Apartment via Maestri Campionesi, 15, Cadore, Milan",5.0,190,3.0,2100000.0,https://www.immobiliare.it/en/annunci/108282709/,108282709
2024-01-06,porta-romana-cadore-montenero,"3-room flat viale Monte Nero, Montenero, Milan",3.0,90,1.0,530000.0,https://www.immobiliare.it/en/annunci/108430853/,108430853
2024-01-06,porta-romana-cadore-montenero,"2-room flat via Perugino, Cadore, Milan",2.0,40,1.0,375000.0,https://www.immobiliare.it/en/annunci/108250303/,108250303
2024-01-06,porta-romana-cadore-montenero,"3-room flat via Amatore Antonio Sciesa, Montenero, Milan",3.0,90,1.0,549000.0,https://www.immobiliare.it/en/annunci/108254627/,108254627
2024-01-06,porta-romana-cadore-montenero,"2-room flat viale Monte Nero 50, Montenero, Milan",2.0,50,1.0,375000.0,https://www.immobiliare.it/en/annunci/108233895/,108233895
2024-01-06,porta-romana-cadore-montenero,"2-room flat via Carlo Foldi 6, Cadore, Milan",2.0,64,1.0,480000.0,https://www.immobiliare.it/en/annunci/108230739/,108230739
2024-01-06,porta-romana-cadore-montenero,"2-room flat via Morosini, Montenero, Milan",2.0,81,1.0,590000.0,https://www.immobiliare.it/en/annunci/108215535/,108215535
2024-01-06,porta-romana-cadore-montenero,"2-room flat via Morosini, Montenero, Milan",2.0,81,1.0,590000.0,https://www.immobiliare.it/en/annunci/108417663/,108417663
2024-01-06,porta-romana-cadore-montenero,"2-room flat viale Umbria 56, Martini - Insubria, Milan",2.0,70,1.0,330000.0,https://www.immobiliare.it/en/annunci/108192331/,108192331
2024-01-06,porta-romana-cadore-montenero,"2-room flat viale Umbria, Martini - Insubria, Milan",2.0,60,1.0,310000.0,https://www.immobiliare.it/en/annunci/108425497/,108425497
2024-01-06,porta-romana-cadore-montenero,"Studio via Antonio Fogazzaro 8, Montenero, Milan",1.0,25,1.0,280000.0,https://www.immobiliare.it/en/annunci/108108057/,108108057
2024-01-06,porta-romana-cadore-montenero,"2-room flat via Perugino 20, Cadore, Milan",2.0,40,1.0,278000.0,https://www.immobiliare.it/en/annunci/108105077/,108105077
2024-01-06,porta-romana-cadore-montenero,"4-room flat via Friuli 45, Cadore, Milan",4.0,155,3.0,1250000.0,https://www.immobiliare.it/en/annunci/108065199/,108065199
2024-01-06,porta-romana-cadore-montenero,"Studio viale Umbria 60, Martini - Insubria, Milan",1.0,25,1.0,229000.0,https://www.immobiliare.it/en/annunci/108073693/,108073693
2024-01-06,porta-romana-cadore-montenero,"2-room flat via Cadore 22, Cadore, Milan",2.0,69,1.0,439000.0,https://www.immobiliare.it/en/annunci/108031643/,108031643
2024-01-06,porta-romana-cadore-montenero,"Apartment via Presolana 8, Montenero, Milan",5.0,155,3.0,1350000.0,https://www.immobiliare.it/en/annunci/108050027/,108050027
2024-01-06,porta-romana-cadore-montenero,"2-room flat via Clusone, 3, Montenero, Milan",2.0,54,1.0,350000.0,https://www.immobiliare.it/en/annunci/108050535/,108050535
2024-01-06,porta-romana-cadore-montenero,"2-room flat via Cadore, Cadore, Milan",2.0,45,1.0,289000.0,https://www.immobiliare.it/en/annunci/108022379/,108022379
2024-01-06,porta-romana-cadore-montenero,"2-room flat via Emilio Morosini, Montenero, Milan",2.0,86,1.0,620000.0,https://www.immobiliare.it/en/annunci/108008297/,108008297
2024-01-06,porta-romana-cadore-montenero,"2-room flat via Bezzecca, Cadore, Milan",2.0,70,1.0,499000.0,https://www.immobiliare.it/en/annunci/108382591/,108382591
2024-01-06,porta-romana-cadore-montenero,"Apartment via Friuli, Cadore, Milan",5.0,200,2.0,1609000.0,https://www.immobiliare.it/en/annunci/108381093/,108381093
2024-01-06,porta-romana-cadore-montenero,"3-room flat via Maestri Campionesi, Cadore, Milan",3.0,85,1.0,600000.0,https://www.immobiliare.it/en/annunci/108382537/,108382537
2024-01-06,porta-romana-cadore-montenero,"3-room flat via Andrea Maffei, Montenero, Milan",3.0,95,1.0,707000.0,https://www.immobiliare.it/en/annunci/108382249/,108382249
2024-01-06,porta-romana-cadore-montenero,"3-room flat excellent condition, mezzanine, Cadore, Milan",3.0,102,2.0,630000.0,https://www.immobiliare.it/en/annunci/108012113/,108012113
2024-01-06,porta-romana-cadore-montenero,"3-room flat viale umbria, 50, Martini - Insubria, Milan",3.0,120,1.0,685000.0,https://www.immobiliare.it/en/annunci/108340939/,108340939
2024-01-06,porta-romana-cadore-montenero,"Studio viale Umbria 54, Martini - Insubria, Milan",1.0,26,1.0,150000.0,https://www.immobiliare.it/en/annunci/107935875/,107935875
2024-01-06,porta-romana-cadore-montenero,"Apartment via Sesto Aurelio Properzio 5, Cadore, Milan",5.0,140,2.0,790000.0,https://www.immobiliare.it/en/annunci/107906343/,107906343
2024-01-06,porta-romana-cadore-montenero,New construction Apartments in Milan,3.0,41,8.0,,https://www.immobiliare.it/en/annunci/107882241/,107882241
2024-01-06,porta-romana-cadore-montenero,"3-room flat via Cadore 35, Cadore, Milan",3.0,122,2.0,786000.0,https://www.immobiliare.it/en/annunci/107855915/,107855915
2024-01-06,porta-romana-cadore-montenero,"3-room flat viale Monte Nero 76, Montenero, Milan",3.0,101,2.0,840000.0,https://www.immobiliare.it/en/annunci/107856339/,107856339
2024-01-06,porta-romana-cadore-montenero,"Loft via Cadore 35, Cadore, Milan",3.0,122,2.0,786000.0,https://www.immobiliare.it/en/annunci/107854649/,107854649
2024-01-06,porta-romana-cadore-montenero,"2-room flat via Giacomo Pinaroli 3, Cadore, Milan",2.0,62,1.0,320000.0,https://www.immobiliare.it/en/annunci/107839755/,107839755
2024-01-06,porta-romana-cadore-montenero,"2-room flat via Perugino 24, Cadore, Milan",2.0,70,1.0,440000.0,https://www.immobiliare.it/en/annunci/107804663/,107804663
2024-01-06,porta-romana-cadore-montenero,"3-room flat via Angelo Maj 7, Cadore, Milan",3.0,75,1.0,249000.0,https://www.immobiliare.it/en/annunci/107804305/,107804305
2024-01-06,porta-romana-cadore-montenero,"Studio viale Umbria, Martini - Insubria, Milan",1.0,25,1.0,220000.0,https://www.immobiliare.it/en/annunci/108454033/,108454033
2024-01-06,porta-romana-cadore-montenero,"2-room flat via Perugino, Cadore, Milan",2.0,45,1.0,410000.0,https://www.immobiliare.it/en/annunci/107789009/,107789009
2024-01-06,porta-romana-cadore-montenero,"2-room flat via Paullo 2, Cadore, Milan",2.0,33,1.0,299000.0,https://www.immobiliare.it/en/annunci/108034179/,108034179
2024-01-06,porta-romana-cadore-montenero,"Penthouse via Augusto Anfossi, Cadore, Milan",5.0,260,3.0,,https://www.immobiliare.it/en/annunci/107777593/,107777593
2024-01-06,porta-romana-cadore-montenero,"2-room flat via Perugino 8, Cadore, Milan",2.0,40,1.0,270000.0,https://www.immobiliare.it/en/annunci/107745983/,107745983
2024-01-06,porta-romana-cadore-montenero,"3-room flat via Antonio Fogazzaro 31, Cadore, Milan",3.0,110,2.0,695000.0,https://www.immobiliare.it/en/annunci/107752269/,107752269
2024-01-06,porta-romana-cadore-montenero,"3-room flat via Simone d'Orsenigo 2, Cadore, Milan",3.0,100,2.0,735500.0,https://www.immobiliare.it/en/annunci/107724909/,107724909
2024-01-06,porta-romana-cadore-montenero,"Studio via Maestri Campionesi 16, Cadore, Milan",1.0,45,1.0,380000.0,https://www.immobiliare.it/en/annunci/107718531/,107718531
2024-01-06,porta-romana-cadore-montenero,"2-room flat via Spartaco, Montenero, Milan",2.0,90,1.0,550000.0,https://www.immobiliare.it/en/annunci/107683021/,107683021
2024-01-06,porta-romana-cadore-montenero,"2-room flat via Cadore, Cadore, Milan",2.0,80,2.0,460000.0,https://www.immobiliare.it/en/annunci/107640883/,107640883
2024-01-06,porta-romana-cadore-montenero,"Apartment piazzale Libia, Cadore, Milan",5.0,190,3.0,1280000.0,https://www.immobiliare.it/en/annunci/108440107/,108440107
2024-01-06,porta-romana-cadore-montenero,"3-room flat via Emilio Morosini 45, Cadore, Milan",3.0,124,1.0,749000.0,https://www.immobiliare.it/en/annunci/107584621/,107584621
2024-01-06,porta-romana-cadore-montenero,"Penthouse viale Monte Nero 73, Montenero, Milan",5.0,182,3.0,1648000.0,https://www.immobiliare.it/en/annunci/107562117/,107562117
2024-01-06,porta-romana-cadore-montenero,"4-room flat via Emilio Morosini 20, Montenero, Milan",4.0,115,2.0,797000.0,https://www.immobiliare.it/en/annunci/107512167/,107512167
2024-01-06,porta-romana-cadore-montenero,"2-room flat to be refurbished, mezzanine, Montenero, Milan",2.0,57,1.0,445000.0,https://www.immobiliare.it/en/annunci/107546621/,107546621
2024-01-06,porta-romana-cadore-montenero,"3-room flat via Spartaco 29, Cadore, Milan",3.0,85,1.0,558000.0,https://www.immobiliare.it/en/annunci/107462649/,107462649
2024-01-06,porta-romana-cadore-montenero,"Studio viale Umbria 60, Martini - Insubria, Milan",1.0,26,1.0,229000.0,https://www.immobiliare.it/en/annunci/107460623/,107460623
2024-01-06,porta-romana-cadore-montenero,"2-room flat via Cadore 6, Cadore, Milan",2.0,85,1.0,629000.0,https://www.immobiliare.it/en/annunci/108280731/,108280731
2024-01-06,porta-romana-cadore-montenero,"4-room flat excellent condition, fifth floor, Montenero, Milan",4.0,200,2.0,1890000.0,https://www.immobiliare.it/en/annunci/108387899/,108387899
2024-01-06,porta-romana-cadore-montenero,"3-room flat via Cadore, 8, Cadore, Milan",3.0,79,1.0,499000.0,https://www.immobiliare.it/en/annunci/107439203/,107439203
2024-01-06,porta-romana-cadore-montenero,"3-room flat via Augusto Anfossi, Montenero, Milan",3.0,120,1.0,748000.0,https://www.immobiliare.it/en/annunci/108406539/,108406539
2024-01-06,porta-romana-cadore-montenero,"2-room flat via ANTONIO FOGAZZARO  35, Cadore, Milan",2.0,46,1.0,330000.0,https://www.immobiliare.it/en/annunci/107346633/,107346633
2024-01-06,porta-romana-cadore-montenero,"2-room flat viale Monte Nero 56, Montenero, Milan",2.0,58,1.0,450000.0,https://www.immobiliare.it/en/annunci/107315989/,107315989
2024-01-06,porta-romana-cadore-montenero,"3-room flat viale Monte Nero 58, Montenero, Milan",3.0,100,2.0,620000.0,https://www.immobiliare.it/en/annunci/107279253/,107279253
2024-01-06,porta-romana-cadore-montenero,"Apartment viale Umbria 52, Martini - Insubria, Milan",5.0,178,3.0,1090000.0,https://www.immobiliare.it/en/annunci/107269675/,107269675
2024-01-06,porta-romana-cadore-montenero,"Studio viale Umbria 60, Martini - Insubria, Milan",1.0,25,1.0,229000.0,https://www.immobiliare.it/en/annunci/107268995/,107268995
2024-01-06,porta-romana-cadore-montenero,"Loft viale Regina Margherita, Montenero, Milan",2.0,50,1.0,390000.0,https://www.immobiliare.it/en/annunci/108361695/,108361695
2024-01-06,porta-romana-cadore-montenero,"Studio viale Umbria 60, Martini - Insubria, Milan",1.0,25,1.0,229000.0,https://www.immobiliare.it/en/annunci/107283151/,107283151
2024-01-06,porta-romana-cadore-montenero,"Apartment via Presolana 8, Montenero, Milan",5.0,153,3.0,1350000.0,https://www.immobiliare.it/en/annunci/107254251/,107254251
2024-01-06,porta-romana-cadore-montenero,"3-room flat viale Regina Margherita 33, Guastalla, Milan",3.0,103,1.0,680000.0,https://www.immobiliare.it/en/annunci/107252161/,107252161
2024-01-06,porta-romana-cadore-montenero,"Studio viale Umbria 60, Martini - Insubria, Milan",1.0,30,1.0,229000.0,https://www.immobiliare.it/en/annunci/107258303/,107258303
2024-01-06,porta-romana-cadore-montenero,"Studio viale Umbria, 60, Martini - Insubria, Milan",1.0,25,1.0,229000.0,https://www.immobiliare.it/en/annunci/108258821/,108258821
2024-01-06,porta-romana-cadore-montenero,"Single family villa via Angelo Maj 8, Cadore, Milan",,,,,https://www.immobiliare.it/en/annunci/107243385/,107243385
2024-01-06,porta-romana-cadore-montenero,New construction Apartments in Milan,2.0,52,6.0,329000.0,https://www.immobiliare.it/en/annunci/107210513/,107210513
2024-01-06,porta-romana-cadore-montenero,"3-room flat via Bezzecca 9, Montenero, Milan",3.0,96,1.0,565000.0,https://www.immobiliare.it/en/annunci/107225603/,107225603
2024-01-06,porta-romana-cadore-montenero,"Apartment good condition, second floor, Montenero, Milan",5.0,160,3.0,1279000.0,https://www.immobiliare.it/en/annunci/108409031/,108409031
2024-01-06,porta-romana-cadore-montenero,"Penthouse via Perugino 20, Cadore, Milan",4.0,125,2.0,850000.0,https://www.immobiliare.it/en/annunci/107176561/,107176561
2024-01-06,porta-romana-cadore-montenero,"4-room flat via Presolana, Montenero, Milan",4.0,115,2.0,795000.0,https://www.immobiliare.it/en/annunci/107183235/,107183235
2024-01-06,porta-romana-cadore-montenero,"2-room flat viale Monte Nero, Montenero, Milan",2.0,75,1.0,620000.0,https://www.immobiliare.it/en/annunci/107178981/,107178981
2024-01-06,porta-romana-cadore-montenero,"2-room flat via Friuli, Cadore, Milan",2.0,70,1.0,430000.0,https://www.immobiliare.it/en/annunci/107187893/,107187893
2024-01-06,porta-romana-cadore-montenero,"2-room flat via Amatore Antonio Sciesa 21, Montenero, Milan",2.0,45,1.0,320000.0,https://www.immobiliare.it/en/annunci/107831845/,107831845
2024-01-06,porta-romana-cadore-montenero,"Loft via Amatore Antonio Sciesa 21, Montenero, Milan",2.0,45,1.0,320000.0,https://www.immobiliare.it/en/annunci/107832779/,107832779
2024-01-06,porta-romana-cadore-montenero,"4-room flat via Friuli 82, Cadore, Milan",4.0,129,2.0,850000.0,https://www.immobiliare.it/en/annunci/107096077/,107096077
2024-01-06,porta-romana-cadore-montenero,"3-room flat via Costanza Arconati 4, Martini - Insubria, Milan",3.0,75,1.0,495000.0,https://www.immobiliare.it/en/annunci/108143367/,108143367
2024-01-06,porta-romana-cadore-montenero,"2-room flat via Antonio Fogazzaro 14, Montenero, Milan",2.0,48,1.0,349000.0,https://www.immobiliare.it/en/annunci/107054925/,107054925
2024-01-06,porta-romana-cadore-montenero,"2-room flat viale Monte Nero, Montenero, Milan",2.0,45,1.0,395000.0,https://www.immobiliare.it/en/annunci/108443709/,108443709
2024-01-06,porta-romana-cadore-montenero,"3-room flat via Perugino 24, Cadore, Milan",3.0,104,2.0,750000.0,https://www.immobiliare.it/en/annunci/107035461/,107035461
2024-01-06,porta-romana-cadore-montenero,"2-room flat via Augusto Anfossi, Cadore, Milan",2.0,60,1.0,400000.0,https://www.immobiliare.it/en/annunci/107038499/,107038499
2024-01-06,porta-romana-cadore-montenero,"Studio via Cadore 8, Cadore, Milan",1.0,25,1.0,205000.0,https://www.immobiliare.it/en/annunci/106961005/,106961005
2024-01-06,porta-romana-cadore-montenero,"3-room flat via Perugino 16, Cadore, Milan",3.0,66,1.0,500000.0,https://www.immobiliare.it/en/annunci/106964031/,106964031
2024-01-06,porta-romana-cadore-montenero,"3-room flat viale Umbria 64, Martini - Insubria, Milan",3.0,70,1.0,187000.0,https://www.immobiliare.it/en/annunci/107419821/,107419821
2024-01-06,porta-romana-cadore-montenero,"2-room flat via morosini 27/A, Cadore, Milan",2.0,86,1.0,620000.0,https://www.immobiliare.it/en/annunci/106903343/,106903343
2024-01-06,porta-romana-cadore-montenero,"4-room flat via Emilio Morosini, Montenero, Milan",4.0,140,2.0,999000.0,https://www.immobiliare.it/en/annunci/108123275/,108123275
2024-01-06,porta-romana-cadore-montenero,"4-room flat via Antonio Fogazzaro 8, Montenero, Milan",4.0,160,2.0,990000.0,https://www.immobiliare.it/en/annunci/107793887/,107793887
2024-01-06,porta-romana-cadore-montenero,"2-room flat via Bergamo, Montenero, Milan",2.0,49,1.0,295000.0,https://www.immobiliare.it/en/annunci/106884575/,106884575
2024-01-06,porta-romana-cadore-montenero,"Penthouse piazzale Libia, Cadore, Milan",3.0,84,1.0,,https://www.immobiliare.it/en/annunci/106890663/,106890663
2024-01-06,porta-romana-cadore-montenero,"Apartment via Paullo 2, Cadore, Milan",5.0,144,2.0,999000.0,https://www.immobiliare.it/en/annunci/107673539/,107673539
2024-01-06,porta-romana-cadore-montenero,"2-room flat via Cadore 36, Cadore, Milan",2.0,44,1.0,349000.0,https://www.immobiliare.it/en/annunci/106869911/,106869911
2024-01-06,porta-romana-cadore-montenero,"3-room flat viale Monte Nero 40, Montenero, Milan",3.0,93,2.0,690000.0,https://www.immobiliare.it/en/annunci/106866463/,106866463
2024-01-06,porta-romana-cadore-montenero,"3-room flat good condition, Montenero, Milan",3.0,120,2.0,770000.0,https://www.immobiliare.it/en/annunci/106857013/,106857013
2024-01-06,porta-romana-cadore-montenero,"3-room flat via Friuli 65, Cadore, Milan",3.0,120,2.0,690000.0,https://www.immobiliare.it/en/annunci/107968869/,107968869
2024-01-06,porta-romana-cadore-montenero,"3-room flat via Cadore, Cadore, Milan",3.0,100,1.0,750000.0,https://www.immobiliare.it/en/annunci/106821121/,106821121
2024-01-06,porta-romana-cadore-montenero,"3-room flat via Maestri Campionesi 16, Cadore, Milan",3.0,107,2.0,1170000.0,https://www.immobiliare.it/en/annunci/106788295/,106788295
2024-01-06,porta-romana-cadore-montenero,"3-room flat corso 22 Marzo 12, Montenero, Milan",3.0,120,1.0,770000.0,https://www.immobiliare.it/en/annunci/108395467/,108395467
2024-01-06,porta-romana-cadore-montenero,"2-room flat via Emilio Morosini 23, Cadore, Milan",2.0,48,1.0,345000.0,https://www.immobiliare.it/en/annunci/106732849/,106732849
2024-01-06,porta-romana-cadore-montenero,"Penthouse viale Monte Nero, Montenero, Milan",5.0,198,1.0,1200000.0,https://www.immobiliare.it/en/annunci/106720895/,106720895
2024-01-06,porta-romana-cadore-montenero,"2-room flat via Andrea Maffei, Montenero, Milan",2.0,76,1.0,450000.0,https://www.immobiliare.it/en/annunci/107817679/,107817679
2024-01-06,porta-romana-cadore-montenero,"Penthouse via Spartaco 19, Montenero, Milan",4.0,124,2.0,1290000.0,https://www.immobiliare.it/en/annunci/106693745/,106693745
2024-01-06,porta-romana-cadore-montenero,"3-room flat via Maestri Campionesi, Cadore, Milan",3.0,80,1.0,510000.0,https://www.immobiliare.it/en/annunci/106693099/,106693099
2024-01-06,porta-romana-cadore-montenero,"2-room flat via Bergamo 12, Montenero, Milan",2.0,62,1.0,449000.0,https://www.immobiliare.it/en/annunci/106638367/,106638367
2024-01-06,porta-romana-cadore-montenero,"2-room flat viale Monte Nero 48, Montenero, Milan",2.0,75,1.0,495000.0,https://www.immobiliare.it/en/annunci/106637453/,106637453
2024-01-06,porta-romana-cadore-montenero,"Apartment via Francesco Anzani 3, Cadore, Milan",5.0,210,3.0,1210000.0,https://www.immobiliare.it/en/annunci/106576973/,106576973
2024-01-06,porta-romana-cadore-montenero,"3-room flat via Simone d'Orsenigo, Cadore, Milan",3.0,75,1.0,550000.0,https://www.immobiliare.it/en/annunci/106542673/,106542673
2024-01-06,porta-romana-cadore-montenero,"2-room flat via Emilio Morosini 12, Montenero, Milan",2.0,115,2.0,839000.0,https://www.immobiliare.it/en/annunci/107554039/,107554039
2024-01-06,porta-romana-cadore-montenero,"4-room flat via Perugino 20, Cadore, Milan",4.0,125,2.0,850000.0,https://www.immobiliare.it/en/annunci/106459341/,106459341
2024-01-06,porta-romana-cadore-montenero,"2-room flat via Perugino , 20, Cadore, Milan",2.0,51,1.0,265000.0,https://www.immobiliare.it/en/annunci/106455817/,106455817
2024-01-06,porta-romana-cadore-montenero,"Apartment viale Umbria 52, Martini - Insubria, Milan",5.0,178,3.0,1090000.0,https://www.immobiliare.it/en/annunci/106430665/,106430665
2024-01-06,porta-romana-cadore-montenero,"3-room flat viale Monte Nero, Montenero, Milan",3.0,97,1.0,660000.0,https://www.immobiliare.it/en/annunci/106350061/,106350061
2024-01-06,porta-romana-cadore-montenero,"3-room flat via Emilio Morosini 27, Cadore, Milan",3.0,88,1.0,450000.0,https://www.immobiliare.it/en/annunci/106304105/,106304105
2024-01-06,porta-romana-cadore-montenero,"3-room flat via Costanza Arconati 2, Martini - Insubria, Milan",3.0,132,2.0,790000.0,https://www.immobiliare.it/en/annunci/106608571/,106608571
2024-01-06,porta-romana-cadore-montenero,"4-room flat via Emilio Morosini, Montenero, Milan",4.0,137,2.0,795000.0,https://www.immobiliare.it/en/annunci/106200489/,106200489
2024-01-06,porta-romana-cadore-montenero,"3-room flat via Francesco Anzani 1, Cadore, Milan",3.0,70,1.0,460000.0,https://www.immobiliare.it/en/annunci/106207287/,106207287
2024-01-06,porta-romana-cadore-montenero,"2-room flat via Cadore 22, Cadore, Milan",2.0,69,1.0,499000.0,https://www.immobiliare.it/en/annunci/106114163/,106114163
2024-01-06,porta-romana-cadore-montenero,"2-room flat via Cadore 22, Cadore, Milan",2.0,69,1.0,469000.0,https://www.immobiliare.it/en/annunci/106110871/,106110871
2024-01-06,porta-romana-cadore-montenero,"4-room flat via Bezzecca, Cadore, Milan",4.0,160,2.0,1150000.0,https://www.immobiliare.it/en/annunci/107906579/,107906579
2024-01-06,porta-romana-cadore-montenero,"Studio via Cadore 22, Cadore, Milan",1.0,52,1.0,349000.0,https://www.immobiliare.it/en/annunci/106113067/,106113067
2024-01-06,porta-romana-cadore-montenero,"Studio via Cadore 22, Cadore, Milan",1.0,52,1.0,379000.0,https://www.immobiliare.it/en/annunci/106113939/,106113939
2024-01-06,porta-romana-cadore-montenero,"4-room flat piazza Cinque Giornate 6, Montenero, Milan",4.0,121,2.0,1045000.0,https://www.immobiliare.it/en/annunci/107674833/,107674833
2024-01-06,porta-romana-cadore-montenero,"2-room flat viale Monte Nero, Montenero, Milan",2.0,90,2.0,590000.0,https://www.immobiliare.it/en/annunci/106053939/,106053939
2024-01-06,porta-romana-cadore-montenero,"3-room flat via Bezzecca 2, Montenero, Milan",3.0,76,1.0,570000.0,https://www.immobiliare.it/en/annunci/105977559/,105977559
2024-01-06,porta-romana-cadore-montenero,"4-room flat via Perugino, Cadore, Milan",4.0,110,1.0,780000.0,https://www.immobiliare.it/en/annunci/106539775/,106539775
2024-01-06,porta-romana-cadore-montenero,"3-room flat via Cadore 8, Cadore, Milan",3.0,85,1.0,540000.0,https://www.immobiliare.it/en/annunci/107968997/,107968997
2024-01-06,porta-romana-cadore-montenero,"3-room flat via Cadore 31, Cadore, Milan",3.0,70,1.0,570000.0,https://www.immobiliare.it/en/annunci/107968861/,107968861
2024-01-06,porta-romana-cadore-montenero,"2-room flat via Spartaco 24, Cadore, Milan",2.0,78,1.0,545000.0,https://www.immobiliare.it/en/annunci/107719053/,107719053
2024-01-06,porta-romana-cadore-montenero,"2-room flat viale Monte Nero 62, Montenero, Milan",2.0,78,1.0,545000.0,https://www.immobiliare.it/en/annunci/108073873/,108073873
2024-01-06,porta-romana-cadore-montenero,"3-room flat via Perugino, Cadore, Milan",3.0,92,2.0,539000.0,https://www.immobiliare.it/en/annunci/108244287/,108244287
2024-01-06,porta-romana-cadore-montenero,"3-room flat via Amatore Antonio Sciesa, Montenero, Milan",3.0,100,1.0,790000.0,https://www.immobiliare.it/en/annunci/105684791/,105684791
2024-01-06,porta-romana-cadore-montenero,"2-room flat via Friuli, Cadore, Milan",2.0,40,1.0,269000.0,https://www.immobiliare.it/en/annunci/105618401/,105618401
2024-01-06,porta-romana-cadore-montenero,"4-room flat viale Monte Nero 56, Montenero, Milan",4.0,160,2.0,1150000.0,https://www.immobiliare.it/en/annunci/105560773/,105560773
2024-01-06,porta-romana-cadore-montenero,"2-room flat viale Emilio Caldara, Quadronno - Crocetta, Milan",2.0,45,1.0,440000.0,https://www.immobiliare.it/en/annunci/105565669/,105565669
2024-01-06,porta-romana-cadore-montenero,"Loft via Perugino 24, Cadore, Milan",3.0,104,2.0,750000.0,https://www.immobiliare.it/en/annunci/105505143/,105505143
2024-01-06,porta-romana-cadore-montenero,"3-room flat via Perugino 24, Cadore, Milan",3.0,104,2.0,750000.0,https://www.immobiliare.it/en/annunci/105508927/,105508927
2024-01-06,porta-romana-cadore-montenero,"3-room flat via Paullo 8, Cadore, Milan",3.0,70,1.0,439000.0,https://www.immobiliare.it/en/annunci/105403863/,105403863
2024-01-06,porta-romana-cadore-montenero,"Loft via Paullo 8, Cadore, Milan",3.0,70,1.0,439000.0,https://www.immobiliare.it/en/annunci/108454335/,108454335
2024-01-06,porta-romana-cadore-montenero,"4-room flat via Friuli 72, Cadore, Milan",4.0,176,2.0,1100000.0,https://www.immobiliare.it/en/annunci/105077277/,105077277
2024-01-06,porta-romana-cadore-montenero,"4-room flat via Spartaco 34, Cadore, Milan",4.0,141,2.0,1030000.0,https://www.immobiliare.it/en/annunci/104852707/,104852707
2024-01-06,porta-romana-cadore-montenero,"2-room flat via Friuli, Cadore, Milan",2.0,65,1.0,470000.0,https://www.immobiliare.it/en/annunci/104765299/,104765299
2024-01-06,porta-romana-cadore-montenero,"Apartment via Friuli, Cadore, Milan",5.0,196,2.0,1240000.0,https://www.immobiliare.it/en/annunci/104765411/,104765411
2024-01-06,porta-romana-cadore-montenero,"4-room flat via Emilio Morosini, Montenero, Milan",4.0,200,2.0,1550000.0,https://www.immobiliare.it/en/annunci/104716823/,104716823
2024-01-06,porta-romana-cadore-montenero,"Apartment via Properzio, Cadore, Milan",5.0,165,3.0,950000.0,https://www.immobiliare.it/en/annunci/104534633/,104534633
2024-01-06,porta-romana-cadore-montenero,"3-room flat piazza Cinque Giornate 6, Montenero, Milan",3.0,75,1.0,565000.0,https://www.immobiliare.it/en/annunci/104445427/,104445427
2024-01-06,porta-romana-cadore-montenero,"3-room flat via Maestri Campionesi, 16, Cadore, Milan",3.0,87,2.0,870000.0,https://www.immobiliare.it/en/annunci/104331315/,104331315
2024-01-06,porta-romana-cadore-montenero,"Apartment viale Monte Nero, Montenero, Milan",5.0,230,3.0,1950000.0,https://www.immobiliare.it/en/annunci/106537255/,106537255
2024-01-06,porta-romana-cadore-montenero,"2-room flat via Emilio Morosini, Montenero, Milan",2.0,75,1.0,595000.0,https://www.immobiliare.it/en/annunci/104169431/,104169431
2024-01-06,porta-romana-cadore-montenero,"3-room flat via Maestri Campionesi, Cadore, Milan",3.0,90,1.0,540000.0,https://www.immobiliare.it/en/annunci/104096155/,104096155
2024-01-06,porta-romana-cadore-montenero,"Penthouse via Friuli, Cadore, Milan",5.0,280,3.0,2400000.0,https://www.immobiliare.it/en/annunci/105818195/,105818195
2024-01-06,porta-romana-cadore-montenero,"Penthouse via Friuli, Cadore, Milan",5.0,280,3.0,2400000.0,https://www.immobiliare.it/en/annunci/103926205/,103926205
2024-01-06,porta-romana-cadore-montenero,"Apartment via Cadore, Cadore, Milan",5.0,275,3.0,2560000.0,https://www.immobiliare.it/en/annunci/103867347/,103867347
2024-01-06,porta-romana-cadore-montenero,"Apartment via Bergamo, Montenero, Milan",5.0,850,3.0,4000000.0,https://www.immobiliare.it/en/annunci/103835673/,103835673
2024-01-06,porta-romana-cadore-montenero,"3-room flat via Cadore, Cadore, Milan",3.0,90,1.0,530000.0,https://www.immobiliare.it/en/annunci/103845159/,103845159
2024-01-06,porta-romana-cadore-montenero,"4-room flat viale Emilio Caldara 35, Quadronno - Crocetta, Milan",4.0,139,2.0,830000.0,https://www.immobiliare.it/en/annunci/103751074/,103751074
2024-01-06,porta-romana-cadore-montenero,"2-room flat piazza Cinque Giornate 16, Montenero, Milan",2.0,77,1.0,488000.0,https://www.immobiliare.it/en/annunci/106858597/,106858597
2024-01-06,porta-romana-cadore-montenero,"3-room flat piazzale Libia, Cadore, Milan",3.0,125,1.0,1070000.0,https://www.immobiliare.it/en/annunci/103346360/,103346360
2024-01-06,porta-romana-cadore-montenero,"3-room flat via Friuli 73, Cadore, Milan",3.0,105,1.0,580000.0,https://www.immobiliare.it/en/annunci/103109266/,103109266
2024-01-06,porta-romana-cadore-montenero,"3-room flat via Simone d'Orsenigo 3, Cadore, Milan",3.0,80,2.0,460000.0,https://www.immobiliare.it/en/annunci/102908272/,102908272
2024-01-06,porta-romana-cadore-montenero,"Penthouse via Simone D'Orsenigo 2, Cadore, Milan",3.0,115,2.0,675000.0,https://www.immobiliare.it/en/annunci/102883904/,102883904
2024-01-06,porta-romana-cadore-montenero,"3-room flat via Simone D'Orsenigo 2, Cadore, Milan",3.0,115,2.0,675000.0,https://www.immobiliare.it/en/annunci/102883906/,102883906
2024-01-06,porta-romana-cadore-montenero,"2-room flat via Presolana 5, Montenero, Milan",2.0,62,1.0,450000.0,https://www.immobiliare.it/en/annunci/106298333/,106298333
2024-01-06,porta-romana-cadore-montenero,"3-room flat viale Umbria 82, Martini - Insubria, Milan",3.0,152,2.0,780000.0,https://www.immobiliare.it/en/annunci/105502297/,105502297
2024-01-06,porta-romana-cadore-montenero,"3-room flat via Emilio Morosini 40, Montenero, Milan",3.0,65,1.0,495000.0,https://www.immobiliare.it/en/annunci/105714439/,105714439
2024-01-06,porta-romana-cadore-montenero,"3-room flat via Friuli 78, Cadore, Milan",3.0,70,1.0,369000.0,https://www.immobiliare.it/en/annunci/102474932/,102474932
2024-01-06,porta-romana-cadore-montenero,"3-room flat viale Umbria 50, Martini - Insubria, Milan",3.0,150,2.0,850000.0,https://www.immobiliare.it/en/annunci/102202236/,102202236
2024-01-06,porta-romana-cadore-montenero,"Apartment viale Angelo Filippetti 35, Quadronno - Crocetta, Milan",5.0,211,3.0,1378000.0,https://www.immobiliare.it/en/annunci/101372823/,101372823
2024-01-06,porta-romana-cadore-montenero,"Studio via simone d'orsenigo 11, Cadore, Milan",1.0,40,1.0,299000.0,https://www.immobiliare.it/en/annunci/105062173/,105062173
2024-01-06,porta-romana-cadore-montenero,"2-room flat viale Umbria 66, Martini - Insubria, Milan",2.0,36,1.0,255000.0,https://www.immobiliare.it/en/annunci/99799586/,99799586
2024-01-06,porta-romana-cadore-montenero,"3-room flat new, third floor, Montenero, Milan",3.0,107,2.0,972000.0,https://www.immobiliare.it/en/annunci/98383768/,98383768
2024-01-06,porta-romana-cadore-montenero,"3-room flat via Friuli 51, Cadore, Milan",3.0,130,2.0,935000.0,https://www.immobiliare.it/en/annunci/98280218/,98280218
2024-01-06,porta-romana-cadore-montenero,"3-room flat viale Montenero, Montenero, Milan",,,,550000.0,https://www.immobiliare.it/en/annunci/98078400/,98078400
2024-01-06,porta-romana-cadore-montenero,"Single family villa, excellent condition, 1000 m², Cadore, Milan",5.0,"1,000",3.0,,https://www.immobiliare.it/en/annunci/97070600/,97070600
2024-01-06,porta-romana-cadore-montenero,"Building excellent condition, Cadore, Milan",5.0,"1,000",3.0,,https://www.immobiliare.it/en/annunci/97079724/,97079724
2024-01-06,porta-romana-cadore-montenero,"3-room flat viale Emilio Caldara 35, Quadronno - Crocetta, Milan",3.0,85,1.0,289000.0,https://www.immobiliare.it/en/annunci/96891172/,96891172
2024-01-06,porta-romana-cadore-montenero,New construction Apartments in Milan,4.0,117,2.0,990000.0,https://www.immobiliare.it/en/annunci/97474354/,97474354
2024-01-06,porta-romana-cadore-montenero,"Apartment good condition, seventh floor, Porta Romana - Medaglie d'Oro, Milan",5.0,477,3.0,3300000.0,https://www.immobiliare.it/en/annunci/91439978/,91439978
2024-01-06,porta-romana-cadore-montenero,"2-room flat via Atto Vannucci, Porta Romana - Medaglie d'Oro, Milan",2.0,45,1.0,320000.0,https://www.immobiliare.it/en/annunci/89991287/,89991287
2024-01-06,porta-romana-cadore-montenero,"2-room flat viale Umbria, Porta Romana - Medaglie d'Oro, Milan",2.0,70,1.0,245000.0,https://www.immobiliare.it/en/annunci/84900136/,84900136
2024-01-06,porta-romana-cadore-montenero,"Loft via Friuli, Porta Romana - Medaglie d'Oro, Milan",2.0,68,1.0,369000.0,https://www.immobiliare.it/en/annunci/82262036/,82262036
