,day,description,rooms,m2,bathrooms,price,links
0,2023-12-29,"2-room flat via Carlo Botta 39, Porta Romana - Medaglie d'Oro, Milan",2,68m²,1,"€ 399,000",https://www.immobiliare.it/en/annunci/108346881/
1,2023-12-29,"Penthouse viale Monte Nero, Montenero, Milan",4,140m²,2,"€ 1,100,000",https://www.immobiliare.it/en/annunci/108337689/
2,2023-12-29,"Apartment via Adige, Porta Romana - Medaglie d'Oro, Milan",5,283m²,3+,"€ 1,690,000",https://www.immobiliare.it/en/annunci/108317131/
3,2023-12-29,"2-room flat via Carlo Botta 39, Porta Romana - Medaglie d'Oro, Milan",2,68m²,1,"€ 399,000",https://www.immobiliare.it/en/annunci/108346869/
4,2023-12-29,"4-room flat via Pietro Colletta, Porta Romana - Medaglie d'Oro, Milan",4,150m²,2,"€ 1,200,000",https://www.immobiliare.it/en/annunci/108252481/
5,2023-12-29,"3-room flat via Lazzaro Papi, Porta Romana - Medaglie d'Oro, Milan",3,105m²,2,"€ 825,000",https://www.immobiliare.it/en/annunci/108253043/
6,2023-12-29,"2-room flat via Pietro Colletta 18, Porta Romana - Medaglie d'Oro, Milan",2,65m²,1,"€ 450,000",https://www.immobiliare.it/en/annunci/108229415/
7,2023-12-29,"2-room flat via Carlo Botta, Porta Romana - Medaglie d'Oro, Milan",2,40m²,1,"€ 225,000",https://www.immobiliare.it/en/annunci/108234033/
8,2023-12-29,"Loft via Lodovico Muratori 55, Porta Romana - Medaglie d'Oro, Milan",2,51m²,1,"€ 295,000",https://www.immobiliare.it/en/annunci/108207411/
9,2023-12-29,"4-room flat via Sassoferrato 2, Porta Romana - Medaglie d'Oro, Milan",4,110m²,2,"€ 695,000",https://www.immobiliare.it/en/annunci/108200877/
10,2023-12-29,"2-room flat via Crema 29, Porta Romana - Medaglie d'Oro, Milan",2,70m²,2,"€ 600,000",https://www.immobiliare.it/en/annunci/108210285/
11,2023-12-29,"2-room flat via Friuli 23, Porta Romana - Medaglie d'Oro, Milan",2,40m²,1,"€ 320,000",https://www.immobiliare.it/en/annunci/108153817/
12,2023-12-29,"2-room flat via Lodovico Muratori 42, Porta Romana - Medaglie d'Oro, Milan",2,75m²,1,"€ 520,000",https://www.immobiliare.it/en/annunci/108115699/
13,2023-12-29,"2-room flat via Passo Buole, Porta Romana - Medaglie d'Oro, Milan",2,51m²,4,"€ 359,000",https://www.immobiliare.it/en/annunci/108129175/
14,2023-12-29,"Apartment viale Sabotino 12/a, Porta Romana - Medaglie d'Oro, Milan",5+,245m²,2,"€ 2,550,000",https://www.immobiliare.it/en/annunci/108094879/
15,2023-12-29,"Apartment viale Sabotino 19/2, Porta Romana - Medaglie d'Oro, Milan",5+,233m²,2,"€ 2,450,000",https://www.immobiliare.it/en/annunci/108089015/
16,2023-12-29,"3-room flat viale Emilio Caldara 23, Quadronno - Crocetta, Milan",3,85m²,2,"€ 360,000",https://www.immobiliare.it/en/annunci/108090635/
17,2023-12-29,"3-room flat viale Umbria, Porta Romana - Medaglie d'Oro, Milan",3,105m²,2,"€ 590,000",https://www.immobiliare.it/en/annunci/108101521/
18,2023-12-29,"4-room flat via Crema 17, Porta Romana - Medaglie d'Oro, Milan",4,95m²,1,"€ 635,000",https://www.immobiliare.it/en/annunci/108033625/
19,2023-12-29,"2-room flat viale Umbria, Porta Romana - Medaglie d'Oro, Milan",2,45m²,1,"€ 350,000",https://www.immobiliare.it/en/annunci/108010545/
20,2023-12-29,"2-room flat via Mantova, Porta Romana - Medaglie d'Oro, Milan",2,85m²,1,"€ 540,000",https://www.immobiliare.it/en/annunci/108306089/
21,2023-12-29,"2-room flat via Atto Vannucci, Porta Romana - Medaglie d'Oro, Milan",2,80m²,1,"€ 546,000",https://www.immobiliare.it/en/annunci/108305527/
22,2023-12-29,"3-room flat via Gerolamo Tiraboschi, Porta Romana - Medaglie d'Oro, Milan",3,95m²,1,"€ 647,000",https://www.immobiliare.it/en/annunci/108305673/
23,2023-12-29,"4-room flat via Atto Vanucci, Porta Romana - Medaglie d'Oro, Milan",4,110m²,2,"€ 736,000",https://www.immobiliare.it/en/annunci/108306129/
24,2023-12-29,"2-room flat via Trebbia 33, Porta Romana - Medaglie d'Oro, Milan",2,42m²,1,"€ 319,000",https://www.immobiliare.it/en/annunci/108001339/
25,2023-12-29,"Attic via Trebbia 33, Porta Romana - Medaglie d'Oro, Milan",1,32m²,1,"€ 227,000",https://www.immobiliare.it/en/annunci/107945363/
26,2023-12-29,"3-room flat via filippetti, Porta Romana - Medaglie d'Oro, Milan",3,110m²,1,"€ 580,000",https://www.immobiliare.it/en/annunci/107924723/
27,2023-12-29,"2-room flat via Serviliano Lattuada 9, Porta Romana - Medaglie d'Oro, Milan",2,55m²,1,"€ 610,000",https://www.immobiliare.it/en/annunci/107843667/
28,2023-12-29,"2-room flat via Andrea Palladio 18, Porta Romana - Medaglie d'Oro, Milan",2,63m²,1,"€ 579,000",https://www.immobiliare.it/en/annunci/107838119/
29,2023-12-29,"4-room flat via Carlo Botta 16, Porta Romana - Medaglie d'Oro, Milan",4,123m²,2,"€ 579,000",https://www.immobiliare.it/en/annunci/107843991/
30,2023-12-29,"2-room flat via Giulio Romano, Porta Romana - Medaglie d'Oro, Milan",2,60m²,1,"€ 355,000",https://www.immobiliare.it/en/annunci/107835305/
31,2023-12-29,"2-room flat excellent condition, fifth floor, Porta Romana - Medaglie d'Oro, Milan",2,60m²,1,"€ 480,000",https://www.immobiliare.it/en/annunci/107841481/
32,2023-12-29,"3-room flat viale Umbria 21, Porta Romana - Medaglie d'Oro, Milan",3,70m²,1,"€ 478,000",https://www.immobiliare.it/en/annunci/107805221/
33,2023-12-29,"3-room flat viale Umbria 21, Porta Romana - Medaglie d'Oro, Milan",3,65m²,1,"€ 478,000",https://www.immobiliare.it/en/annunci/107805205/
34,2023-12-29,"2-room flat via Friuli 32, Porta Romana - Medaglie d'Oro, Milan",2,52m²,1,"€ 319,000",https://www.immobiliare.it/en/annunci/107804603/
35,2023-12-29,"Studio good condition, first floor, Porta Romana - Medaglie d'Oro, Milan",1,43m²,1,"€ 265,000",https://www.immobiliare.it/en/annunci/107772057/
36,2023-12-29,"2-room flat excellent condition, first floor, Porta Romana - Medaglie d'Oro, Milan",2,50m²,1,"€ 360,000",https://www.immobiliare.it/en/annunci/107775249/
37,2023-12-29,"2-room flat viale Monte Nero 8, Porta Romana - Medaglie d'Oro, Milan",2,95m²,2,"€ 419,000",https://www.immobiliare.it/en/annunci/107758557/
38,2023-12-29,"2-room flat viale Sabotino 7, Porta Romana - Medaglie d'Oro, Milan",2,50m²,1,"€ 269,000",https://www.immobiliare.it/en/annunci/108127143/
39,2023-12-29,"2-room flat viale Sabotino 16, Porta Romana - Medaglie d'Oro, Milan",2,66m²,1,"€ 479,000",https://www.immobiliare.it/en/annunci/107703719/
40,2023-12-29,"3-room flat corso Lodi 34, Porta Romana - Medaglie d'Oro, Milan",3,90m²,1,"€ 599,000",https://www.immobiliare.it/en/annunci/107642613/
41,2023-12-29,"3-room flat viale Umbria 25, Porta Romana - Medaglie d'Oro, Milan",3,75m²,1,"€ 465,000",https://www.immobiliare.it/en/annunci/107643799/
42,2023-12-29,"Studio via San Rocco 20, Porta Romana - Medaglie d'Oro, Milan",1,60m²,1,"€ 450,000",https://www.immobiliare.it/en/annunci/107653099/
43,2023-12-29,"Penthouse via Giuseppe Ripamonti 3, Porta Romana - Medaglie d'Oro, Milan",3,115m²,2,"€ 975,000",https://www.immobiliare.it/en/annunci/107655379/
44,2023-12-29,"Apartment good condition, second floor, Porta Romana - Medaglie d'Oro, Milan",5,190m²,3,"€ 1,280,000",https://www.immobiliare.it/en/annunci/108329817/
45,2023-12-29,"4-room flat via Friuli 3, Porta Romana - Medaglie d'Oro, Milan",4,105m²,2,"€ 770,000",https://www.immobiliare.it/en/annunci/107949625/
46,2023-12-29,"2-room flat via Friuli 23, Porta Romana - Medaglie d'Oro, Milan",2,39m²,1,"€ 320,000",https://www.immobiliare.it/en/annunci/107604479/
47,2023-12-29,"2-room flat via Friuli 23, Porta Romana - Medaglie d'Oro, Milan",2,35m²,1,"€ 310,000",https://www.immobiliare.it/en/annunci/107604515/
48,2023-12-29,"4-room flat via Lodovico Muratori 9, Porta Romana - Medaglie d'Oro, Milan",4,115m²,1,"€ 870,000",https://www.immobiliare.it/en/annunci/107615533/
49,2023-12-29,"4-room flat via Gerolamo Tiraboschi, Porta Romana - Medaglie d'Oro, Milan",4,121m²,2,"€ 770,000€ 820,000(-6.1%)",https://www.immobiliare.it/en/annunci/107593253/
50,2023-12-29,"4-room flat good condition, Porta Romana - Medaglie d'Oro, Milan",4,111m²,1,"€ 870,000",https://www.immobiliare.it/en/annunci/107594989/
51,2023-12-29,"Studio via Atto Vannucci 10, Porta Romana - Medaglie d'Oro, Milan",1,25m²,1,"€ 195,000",https://www.immobiliare.it/en/annunci/107586535/
52,2023-12-29,"2-room flat excellent condition, ground floor, Porta Romana - Medaglie d'Oro, Milan",2,66m²,1,"€ 415,000",https://www.immobiliare.it/en/annunci/107585873/
53,2023-12-29,"3-room flat via Tiraboschi, 2, Porta Romana - Medaglie d'Oro, Milan",3,90m²,2,"€ 687,000",https://www.immobiliare.it/en/annunci/107595419/
54,2023-12-29,"3-room flat via Tiraboschi, 2, Porta Romana - Medaglie d'Oro, Milan",3,90m²,2,"€ 687,000",https://www.immobiliare.it/en/annunci/108340353/
55,2023-12-29,"2-room flat viale Umbria, Porta Romana - Medaglie d'Oro, Milan",2,91m²,1,"€ 595,000",https://www.immobiliare.it/en/annunci/107557151/
56,2023-12-29,"Penthouse viale Isonzo 60, Porta Romana - Medaglie d'Oro, Milan",2,75m²,1,"€ 560,000",https://www.immobiliare.it/en/annunci/107545857/
57,2023-12-29,"2-room flat excellent condition, fifth floor, Porta Romana - Medaglie d'Oro, Milan",2,100m²,2,"€ 635,000",https://www.immobiliare.it/en/annunci/107590147/
58,2023-12-29,"Studio excellent condition, fifth floor, Porta Romana - Medaglie d'Oro, Milan",1,25m²,1,"€ 215,000€ 229,000(-6.1%)",https://www.immobiliare.it/en/annunci/107522193/
59,2023-12-29,"Penthouse viale Isonzo 60, Porta Romana - Medaglie d'Oro, Milan",3,83m²,1,"€ 620,000",https://www.immobiliare.it/en/annunci/108031337/
60,2023-12-29,"3-room flat via Mantova, Porta Romana - Medaglie d'Oro, Milan",3,85m²,1,"€ 515,000",https://www.immobiliare.it/en/annunci/107474029/
61,2023-12-29,"3-room flat viale Emilio Caldara 13, Quadronno - Crocetta, Milan",3,160m²,3,"€ 1,550,000",https://www.immobiliare.it/en/annunci/107471741/
62,2023-12-29,"3-room flat viale Emilio Caldara 13, Quadronno - Crocetta, Milan",3,100m²,2,"€ 1,000,000",https://www.immobiliare.it/en/annunci/107463307/
63,2023-12-29,"2-room flat via Mantova, Porta Romana - Medaglie d'Oro, Milan",2,50m²,1,"€ 470,000",https://www.immobiliare.it/en/annunci/108206309/
64,2023-12-29,"2-room flat viale Emilio Caldara 13, Quadronno - Crocetta, Milan",2,70m²,1,"€ 650,000",https://www.immobiliare.it/en/annunci/107426885/
65,2023-12-29,"2-room flat via Lodovico Muratori 54, Porta Romana - Medaglie d'Oro, Milan",2,54m²,1,"€ 265,000",https://www.immobiliare.it/en/annunci/107395663/
66,2023-12-29,"2-room flat viale Umbria, Porta Romana - Medaglie d'Oro, Milan",2,50m²,1,"€ 360,000",https://www.immobiliare.it/en/annunci/107399771/
67,2023-12-29,"4-room flat via Giuseppe Ripamonti 2, Bocconi, Milan",4,110m²,2,"€ 870,000",https://www.immobiliare.it/en/annunci/107360605/
68,2023-12-29,"3-room flat viale Sabotino, Porta Romana - Medaglie d'Oro, Milan",3,100m²,1,"€ 595,000",https://www.immobiliare.it/en/annunci/108183399/
69,2023-12-29,"3-room flat viale Sabotino, Porta Romana - Medaglie d'Oro, Milan",3,100m²,1,"€ 595,000",https://www.immobiliare.it/en/annunci/108183399/
70,2023-12-29,"4-room flat viale Sabotino 6, Porta Romana - Medaglie d'Oro, Milan",4,160m²,2,"€ 1,600,000",https://www.immobiliare.it/en/annunci/107287737/
71,2023-12-29,"4-room flat excellent condition, second floor, Porta Romana - Medaglie d'Oro, Milan",4,150m²,2,"€ 860,000",https://www.immobiliare.it/en/annunci/107280417/
72,2023-12-29,"4-room flat excellent condition, second floor, Porta Romana - Medaglie d'Oro, Milan",4,150m²,2,"€ 850,000",https://www.immobiliare.it/en/annunci/107280425/
73,2023-12-29,"4-room flat viale Cirene 18, Porta Romana - Medaglie d'Oro, Milan",4,163m²,2,"€ 1,438,000",https://www.immobiliare.it/en/annunci/107257385/
74,2023-12-29,"2-room flat viale Emilio Caldara 6, Porta Romana - Medaglie d'Oro, Milan",2,55m²,1,"€ 399,000",https://www.immobiliare.it/en/annunci/107260543/
75,2023-12-29,"2-room flat viale Emilio Caldara 6, Porta Romana - Medaglie d'Oro, Milan",2,50m²,1,"€ 399,000",https://www.immobiliare.it/en/annunci/107260541/
76,2023-12-29,"Loft viale Isonzo 60, Porta Romana - Medaglie d'Oro, Milan",1,123m²,1,"€ 169,000",https://www.immobiliare.it/en/annunci/107184709/
77,2023-12-29,"2-room flat viale Cirene, Porta Romana - Medaglie d'Oro, Milan",2,62m²,1,"€ 338,000",https://www.immobiliare.it/en/annunci/107184829/
78,2023-12-29,"3-room flat viale Emilio Caldara, Porta Romana - Medaglie d'Oro, Milan",3,110m²,1,"€ 790,000",https://www.immobiliare.it/en/annunci/107188623/
79,2023-12-29,"3-room flat via Pietro Colletta 18, Porta Romana - Medaglie d'Oro, Milan",3,86m²,1,"€ 459,000€ 490,000(-6.3%)",https://www.immobiliare.it/en/annunci/107965665/
80,2023-12-29,"2-room flat viale Sabotino, Porta Romana - Medaglie d'Oro, Milan",2,66m²,1,"€ 479,000",https://www.immobiliare.it/en/annunci/107103933/
81,2023-12-29,"4-room flat via Verona 11, Porta Romana - Medaglie d'Oro, Milan",4,158m²,3,"€ 1,290,000",https://www.immobiliare.it/en/annunci/107032213/
82,2023-12-29,"4-room flat piazzale Libia 5, Porta Romana - Medaglie d'Oro, Milan",4,225m²,2,"€ 1,290,000",https://www.immobiliare.it/en/annunci/107019639/
83,2023-12-29,"2-room flat via Verona, Porta Romana - Medaglie d'Oro, Milan",2,45m²,1,"€ 285,000",https://www.immobiliare.it/en/annunci/107040791/
84,2023-12-29,"Building via Verona 9, Porta Romana - Medaglie d'Oro, Milan",,,,"€ 2,700,000",https://www.immobiliare.it/en/annunci/107031159/
85,2023-12-29,"3-room flat viale Cirene 22, Porta Romana - Medaglie d'Oro, Milan",3,90m²,1,"€ 560,000",https://www.immobiliare.it/en/annunci/108193235/
86,2023-12-29,"2-room flat corso Lodi, Porta Romana - Medaglie d'Oro, Milan",2,95m²,2,"€ 465,000",https://www.immobiliare.it/en/annunci/106952569/
87,2023-12-29,"Apartment excellent condition, third floor, Porta Romana - Medaglie d'Oro, Milan",5,123m²,2,"€ 1,190,000",https://www.immobiliare.it/en/annunci/106928165/
88,2023-12-29,"3-room flat via Gerolamo Tiraboschi 6, Porta Romana - Medaglie d'Oro, Milan",3,80m²,1,"€ 780,000",https://www.immobiliare.it/en/annunci/106889543/
89,2023-12-29,"Attic via Piacenza 8, Porta Romana - Medaglie d'Oro, Milan",2,65m²,1,"€ 199,000",https://www.immobiliare.it/en/annunci/108126277/
90,2023-12-29,"Loft Vicinanze piazza Medaglie D'Oro, Porta Romana - Medaglie d'Oro, Milan",2,45m²,1,"€ 395,000",https://www.immobiliare.it/en/annunci/108183443/
91,2023-12-29,"Loft Vicinanze piazzale Libia, Porta Romana - Medaglie d'Oro, Milan",2,58m²,1,"€ 369,000",https://www.immobiliare.it/en/annunci/108183411/
92,2023-12-29,"4-room flat piazza Medaglie D'Oro, Porta Romana - Medaglie d'Oro, Milan",4,140m²,2,"€ 1,050,000",https://www.immobiliare.it/en/annunci/108183433/
93,2023-12-29,"Loft via Crema, Porta Romana - Medaglie d'Oro, Milan",4,420m²,3+,"€ 2,100,000",https://www.immobiliare.it/en/annunci/107056797/
94,2023-12-29,"3-room flat viale Monte Nero 28, Porta Romana - Medaglie d'Oro, Milan",3,110m²,2,Price on application,https://www.immobiliare.it/en/annunci/106781871/
95,2023-12-29,"2-room flat piazzale Lodi, Lodi - Brenta, Milan",2,60m²,1,"€ 495,000",https://www.immobiliare.it/en/annunci/106781247/
96,2023-12-29,"3-room flat corso Lodi 38, Porta Romana - Medaglie d'Oro, Milan",3,102m²,1,"€ 750,000",https://www.immobiliare.it/en/annunci/107963263/
97,2023-12-29,"Apartment viale Sabotino 6, Porta Romana - Medaglie d'Oro, Milan",5+,315m²,3,"€ 1,990,000",https://www.immobiliare.it/en/annunci/106739025/
98,2023-12-29,"3-room flat viale Sabotino 6, Porta Romana - Medaglie d'Oro, Milan",3,92m²,2,"€ 580,000",https://www.immobiliare.it/en/annunci/106737867/
99,2023-12-29,"4-room flat viale Sabotino 6, Porta Romana - Medaglie d'Oro, Milan",4,117m²,2,"€ 750,000",https://www.immobiliare.it/en/annunci/106736211/
100,2023-12-29,"3-room flat viale Sabotino 6, Porta Romana - Medaglie d'Oro, Milan",3,120m²,2,"€ 710,000",https://www.immobiliare.it/en/annunci/106737179/
101,2023-12-29,"2-room flat via Crema 31, Porta Romana - Medaglie d'Oro, Milan",2,80m²,2,"€ 470,000",https://www.immobiliare.it/en/annunci/108206327/
102,2023-12-29,"3-room flat viale Sabotino 6, Porta Romana - Medaglie d'Oro, Milan",3,120m²,2,"€ 860,000",https://www.immobiliare.it/en/annunci/106736849/
103,2023-12-29,"Apartment viale Sabotino 6, Porta Romana - Medaglie d'Oro, Milan",5+,325m²,3+,"€ 2,440,000",https://www.immobiliare.it/en/annunci/106739265/
104,2023-12-29,"3-room flat viale Sabotino 6, Porta Romana - Medaglie d'Oro, Milan",3,92m²,2,"€ 690,000",https://www.immobiliare.it/en/annunci/106737453/
105,2023-12-29,"4-room flat via Sigieri 11, Porta Romana - Medaglie d'Oro, Milan",4,170m²,3,"€ 1,100,000",https://www.immobiliare.it/en/annunci/106750495/
106,2023-12-29,"Penthouse via Giuseppe Ripamonti 3, Porta Romana - Medaglie d'Oro, Milan",3,110m²,2,"€ 1,000,000",https://www.immobiliare.it/en/annunci/106718139/
107,2023-12-29,"Apartment at auction via Giuseppe Ripamonti, 36, Milan",,,,"from € 209,250.00",https://www.immobiliare.it/en/annunci/106702091/
108,2023-12-29,"4-room flat viale Sabotino 6, Porta Romana - Medaglie d'Oro, Milan",4,117m²,2,"€ 890,000",https://www.immobiliare.it/en/annunci/106693747/
109,2023-12-29,"3-room flat via San Rocco, Porta Romana - Medaglie d'Oro, Milan",3,115m²,2,"€ 970,000",https://www.immobiliare.it/en/annunci/106683101/
110,2023-12-29,"Apartment via Francesco Burlamacchi 3, Porta Romana - Medaglie d'Oro, Milan",5+,260m²,3,Price on application,https://www.immobiliare.it/en/annunci/107964387/
111,2023-12-29,"Apartment at auction via Giuseppe Ripamonti 36, Milan",3,93m²,1,"from € 209,250.00",https://www.immobiliare.it/en/annunci/106599765/
112,2023-12-29,"2-room flat viale Monte Nero 31, Porta Romana - Medaglie d'Oro, Milan",2,45m²,1,"€ 375,000",https://www.immobiliare.it/en/annunci/106576699/
113,2023-12-29,"3-room flat viale Monte Nero 31, Porta Romana - Medaglie d'Oro, Milan",3,110m²,2,"€ 750,000",https://www.immobiliare.it/en/annunci/106573833/
114,2023-12-29,"Loft via San Rocco, Porta Romana - Medaglie d'Oro, Milan",2,95m²,2,"€ 645,000",https://www.immobiliare.it/en/annunci/106574309/
115,2023-12-29,"4-room flat viale Filippetti, 28/a, Porta Romana - Medaglie d'Oro, Milan",4,171m²,2,"€ 1,199,000",https://www.immobiliare.it/en/annunci/106586157/
116,2023-12-29,"Attic via Piacenza 8, Porta Romana - Medaglie d'Oro, Milan",2,85m²,1,"€ 299,000",https://www.immobiliare.it/en/annunci/108167527/
117,2023-12-29,"2-room flat via Gian Carlo Passeroni 6, Porta Romana - Medaglie d'Oro, Milan",2,76m²,1,"€ 550,000",https://www.immobiliare.it/en/annunci/106520159/
118,2023-12-29,"2-room flat piazza Trento 1, Porta Romana - Medaglie d'Oro, Milan",2,60m²,1,"€ 480,000",https://www.immobiliare.it/en/annunci/106486045/
119,2023-12-29,"3-room flat via Francesco Burlamacchi 11, Porta Romana - Medaglie d'Oro, Milan",3,64m²,1,"€ 388,000",https://www.immobiliare.it/en/annunci/106687745/
120,2023-12-29,"4-room flat piazza Medaglie D'Oro, Porta Romana - Medaglie d'Oro, Milan",4,145m²,2,"€ 990,000",https://www.immobiliare.it/en/annunci/108183397/
121,2023-12-29,"3-room flat via Giulio Romano/Ripamonti, Bocconi, Milan",3,85m²,1,"€ 620,000€ 660,000(-6.1%)",https://www.immobiliare.it/en/annunci/108183409/
122,2023-12-29,"3-room flat viale Monte Nero 5, Porta Romana - Medaglie d'Oro, Milan",3,116m²,2,"€ 780,000",https://www.immobiliare.it/en/annunci/107621589/
123,2023-12-29,"Loft via Lodovico Muratori 42, Porta Romana - Medaglie d'Oro, Milan",2,74m²,1,"€ 195,000",https://www.immobiliare.it/en/annunci/106393889/
124,2023-12-29,"3-room flat viale Umbria 25, Porta Romana - Medaglie d'Oro, Milan",3,82m²,1,"€ 459,000",https://www.immobiliare.it/en/annunci/106365897/
125,2023-12-29,"Penthouse excellent condition, 100 m², Porta Romana - Medaglie d'Oro, Milan",3,100m²,2,"€ 1,000,000",https://www.immobiliare.it/en/annunci/106357905/
126,2023-12-29,"4-room flat via Francesco Burlamacchi 11, Porta Romana - Medaglie d'Oro, Milan",4,150m²,2,"€ 1,150,000",https://www.immobiliare.it/en/annunci/106322277/
127,2023-12-29,"2-room flat via Francesco Burlamacchi 6, Porta Romana - Medaglie d'Oro, Milan",2,40m²,1,"€ 350,000",https://www.immobiliare.it/en/annunci/106197483/
128,2023-12-29,"2-room flat via Pier Lombardo 5, Porta Romana - Medaglie d'Oro, Milan",2,80m²,1,"€ 475,000",https://www.immobiliare.it/en/annunci/106148205/
129,2023-12-29,"Studio viale Sabotino 8, Porta Romana - Medaglie d'Oro, Milan",1,42m²,1,"€ 390,000",https://www.immobiliare.it/en/annunci/106120845/
130,2023-12-29,"3-room flat via Sigieri 22, Porta Romana - Medaglie d'Oro, Milan",3,70m²,2,"€ 548,000",https://www.immobiliare.it/en/annunci/106046493/
131,2023-12-29,"3-room flat Strada della Carità 2, Porta Romana - Medaglie d'Oro, Milan",3,123m²,2,"€ 399,000",https://www.immobiliare.it/en/annunci/106039113/
132,2023-12-29,"4-room flat via Andrea Palladio 10, Porta Romana - Medaglie d'Oro, Milan",4,150m²,1,"€ 810,000",https://www.immobiliare.it/en/annunci/106033663/
133,2023-12-29,"2-room flat via Salasco, Bocconi, Milan",2,65m²,1,"€ 565,000",https://www.immobiliare.it/en/annunci/106041147/
134,2023-12-29,"Loft via Serviliano Lattuada 6, Porta Romana - Medaglie d'Oro, Milan",2,46m²,1,"€ 375,000",https://www.immobiliare.it/en/annunci/105992817/
135,2023-12-29,"3-room flat via Lodovico Muratori 55, Porta Romana - Medaglie d'Oro, Milan",3,120m²,1,"€ 665,000",https://www.immobiliare.it/en/annunci/105933131/
136,2023-12-29,"3-room flat piazza Bruno Buozzi, Porta Romana - Medaglie d'Oro, Milan",3,126m²,1,"€ 840,000",https://www.immobiliare.it/en/annunci/105908653/
137,2023-12-29,"3-room flat viale Monte Nero 10, Porta Romana - Medaglie d'Oro, Milan",3,90m²,2,"€ 768,000",https://www.immobiliare.it/en/annunci/106871069/
138,2023-12-29,"3-room flat viale Angelo Filippetti 26, Porta Romana - Medaglie d'Oro, Milan",3,100m²,1,"€ 589,000",https://www.immobiliare.it/en/annunci/107100839/
139,2023-12-29,"2-room flat via Adige 17, Porta Romana - Medaglie d'Oro, Milan",2,64m²,1,"€ 460,000",https://www.immobiliare.it/en/annunci/107674777/
140,2023-12-29,"4-room flat viale Emilio Caldara, Porta Romana - Medaglie d'Oro, Milan",4,140m²,2,"€ 990,000",https://www.immobiliare.it/en/annunci/107099621/
141,2023-12-29,"4-room flat excellent condition, sixth floor, Porta Romana - Medaglie d'Oro, Milan",4,190m²,3,"€ 1,950,000",https://www.immobiliare.it/en/annunci/105811599/
142,2023-12-29,"2-room flat via Francesco Burlamacchi 6, Porta Romana - Medaglie d'Oro, Milan",2,40m²,1,"€ 350,000",https://www.immobiliare.it/en/annunci/105769393/
143,2023-12-29,"4-room flat via Lodovico Muratori, Porta Romana - Medaglie d'Oro, Milan",4,104m²,1,"€ 870,000",https://www.immobiliare.it/en/annunci/105701087/
144,2023-12-29,"2-room flat via Giuseppe Ripamonti 13, Porta Romana - Medaglie d'Oro, Milan",2,50m²,1,"€ 365,000",https://www.immobiliare.it/en/annunci/107064999/
145,2023-12-29,"2-room flat via Francesco Burlamacchi 6, Porta Romana - Medaglie d'Oro, Milan",2,40m²,1,"€ 349,000",https://www.immobiliare.it/en/annunci/105546457/
146,2023-12-29,"2-room flat via Giuseppe Ripamonti 22, Bocconi, Milan",2,40m²,1,"€ 290,000",https://www.immobiliare.it/en/annunci/105531125/
147,2023-12-29,"4-room flat via Gaetana Agnesi, Porta Romana - Medaglie d'Oro, Milan",4,210m²,2,"€ 898,000",https://www.immobiliare.it/en/annunci/105542205/
148,2023-12-29,"3-room flat via Ludovico Muratori 55, Porta Romana - Medaglie d'Oro, Milan",3,120m²,1,"€ 665,000",https://www.immobiliare.it/en/annunci/105483165/
149,2023-12-29,"3-room flat via Gerolamo Tiraboschi 6, Porta Romana - Medaglie d'Oro, Milan",3,131m²,2,"€ 550,000",https://www.immobiliare.it/en/annunci/107723367/
150,2023-12-29,"4-room flat via Serviliano Lattuada, Porta Romana - Medaglie d'Oro, Milan",4,123m²,2,"€ 579,000",https://www.immobiliare.it/en/annunci/106118077/
151,2023-12-29,"Attic via Piacenza 8, Porta Romana - Medaglie d'Oro, Milan",4,200m²,2,"€ 498,000",https://www.immobiliare.it/en/annunci/108197975/
152,2023-12-29,"3-room flat via Lodovico Muratori 48, Porta Romana - Medaglie d'Oro, Milan",3,69m²,1,"€ 430,000",https://www.immobiliare.it/en/annunci/105080325/
153,2023-12-29,"4-room flat viale Emilio Caldara, Porta Romana - Medaglie d'Oro, Milan",4,140m²,2,"€ 990,000",https://www.immobiliare.it/en/annunci/107968821/
154,2023-12-29,"2-room flat viale Monte Nero, Porta Romana - Medaglie d'Oro, Milan",2,60m²,1,"€ 619,000",https://www.immobiliare.it/en/annunci/104930815/
155,2023-12-29,"3-room flat piazzale Medaglie d'Oro, Porta Romana - Medaglie d'Oro, Milan",3,160m²,2,"€ 1,050,000",https://www.immobiliare.it/en/annunci/108120643/
156,2023-12-29,"3-room flat viale Umbria, Porta Romana - Medaglie d'Oro, Milan",3,85m²,1,"€ 535,000",https://www.immobiliare.it/en/annunci/108306407/
157,2023-12-29,"3-room flat viale Umbria, Porta Romana - Medaglie d'Oro, Milan",3,80m²,1,"€ 564,000",https://www.immobiliare.it/en/annunci/108306477/
158,2023-12-29,"3-room flat viale Emilio Caldara 27, Quadronno - Crocetta, Milan",3,98m²,1,"€ 570,000",https://www.immobiliare.it/en/annunci/104667881/
159,2023-12-29,"Studio viale Umbria 9, Porta Romana - Medaglie d'Oro, Milan",1,26m²,1,"€ 180,000",https://www.immobiliare.it/en/annunci/104686209/
160,2023-12-29,"3-room flat viale Umbria 21, Porta Romana - Medaglie d'Oro, Milan",3,70m²,1,"€ 478,000",https://www.immobiliare.it/en/annunci/104621295/
161,2023-12-29,"3-room flat viale Umbria 21, Porta Romana - Medaglie d'Oro, Milan",3,65m²,1,"€ 478,000",https://www.immobiliare.it/en/annunci/107636721/
162,2023-12-29,"3-room flat new, second floor, Porta Romana - Medaglie d'Oro, Milan",3,65m²,1,"€ 478,000",https://www.immobiliare.it/en/annunci/107946877/
163,2023-12-29,"2-room flat via Lazzaro Papi 12, Porta Romana - Medaglie d'Oro, Milan",2,65m²,1,"€ 450,000",https://www.immobiliare.it/en/annunci/105556673/
164,2023-12-29,"2-room flat viale Monte Nero 20, Porta Romana - Medaglie d'Oro, Milan",2,50m²,1,"€ 420,000",https://www.immobiliare.it/en/annunci/104544341/
165,2023-12-29,"Penthouse via San Gerolamo Emiliani, Porta Romana - Medaglie d'Oro, Milan",5,185m²,2,"€ 1,190,000",https://www.immobiliare.it/en/annunci/104444707/
166,2023-12-29,"Penthouse viale Isonzo, Porta Romana - Medaglie d'Oro, Milan",3,80m²,1,"€ 485,000",https://www.immobiliare.it/en/annunci/104385095/
167,2023-12-29,"Apartment via Carlo Botta 36, Porta Romana - Medaglie d'Oro, Milan",5+,280m²,2,"€ 2,100,000",https://www.immobiliare.it/en/annunci/107508699/
168,2023-12-29,"4-room flat good condition, fourth floor, Porta Romana - Medaglie d'Oro, Milan",4,150m²,1,"€ 810,000",https://www.immobiliare.it/en/annunci/105628419/
169,2023-12-29,"Apartment via Serviliano Lattuada 30, Porta Romana - Medaglie d'Oro, Milan",5,155m²,2,"€ 1,180,000",https://www.immobiliare.it/en/annunci/104264163/
170,2023-12-29,"2-room flat via Atto Vannucci 20, Porta Romana - Medaglie d'Oro, Milan",2,62m²,1,"€ 555,000",https://www.immobiliare.it/en/annunci/104171501/
171,2023-12-29,"2-room flat viale Umbria 29, Porta Romana - Medaglie d'Oro, Milan",2,63m²,1,"€ 340,000",https://www.immobiliare.it/en/annunci/104170361/
172,2023-12-29,"4-room flat viale Umbria 15, Porta Romana - Medaglie d'Oro, Milan",4,110m²,1,"€ 786,000",https://www.immobiliare.it/en/annunci/108007947/
173,2023-12-29,"Apartment via Trebbia, Porta Romana - Medaglie d'Oro, Milan",5+,400m²,3+,"€ 2,200,000",https://www.immobiliare.it/en/annunci/103926883/
174,2023-12-29,"Apartment via Serviliano Lattuada 17, Porta Romana - Medaglie d'Oro, Milan",5+,370m²,3+,"€ 3,900,000",https://www.immobiliare.it/en/annunci/103920493/
175,2023-12-29,"3-room flat via Trebbia 5, Porta Romana - Medaglie d'Oro, Milan",3,160m²,1,"€ 950,000",https://www.immobiliare.it/en/annunci/103794250/
176,2023-12-29,"3-room flat via Trebbia 5, Porta Romana - Medaglie d'Oro, Milan",3,250m²,3,"€ 1,580,000",https://www.immobiliare.it/en/annunci/103792794/
177,2023-12-29,"2-room flat via Lodovico Muratori 48, Porta Romana - Medaglie d'Oro, Milan",2,69m²,1,"€ 430,000",https://www.immobiliare.it/en/annunci/103409976/
178,2023-12-29,"Loft, excellent condition, ground floor, Porta Romana - Medaglie d'Oro, Milan",5,250m²,3,"€ 950,000",https://www.immobiliare.it/en/annunci/103418852/
179,2023-12-29,"3-room flat via Friuli 8, Porta Romana - Medaglie d'Oro, Milan",3,110m²,2,"€ 625,000",https://www.immobiliare.it/en/annunci/103357840/
180,2023-12-29,"3-room flat via Adige 12, Porta Romana - Medaglie d'Oro, Milan",3,95m²,1,"€ 565,000",https://www.immobiliare.it/en/annunci/103297428/
181,2023-12-29,"3-room flat viale Emilio Caldara, Porta Romana - Medaglie d'Oro, Milan",3,80m²,2,"€ 289,000",https://www.immobiliare.it/en/annunci/103112120/
182,2023-12-29,"Loft via Adige, Porta Romana - Medaglie d'Oro, Milan",5,203m²,2,"€ 950,000",https://www.immobiliare.it/en/annunci/103113274/
183,2023-12-29,"3-room flat piazzale Medaglie d'Oro, Porta Romana - Medaglie d'Oro, Milan",3,110m²,1,"€ 675,000",https://www.immobiliare.it/en/annunci/102911340/
184,2023-12-29,"4-room flat to be refurbished, fourth floor, Porta Romana - Medaglie d'Oro, Milan",4,145m²,3,"€ 890,000",https://www.immobiliare.it/en/annunci/102320112/
185,2023-12-29,"2-room flat viale Emilio Caldara, Porta Romana - Medaglie d'Oro, Milan",2,55m²,1,"€ 490,000",https://www.immobiliare.it/en/annunci/102091934/
186,2023-12-29,"Single family villa via Tito Livio 2, Lodi - Brenta, Milan",3,155m²,2,"€ 850,000",https://www.immobiliare.it/en/annunci/102056862/
187,2023-12-29,"4-room flat viale Emilio Caldara, Porta Romana - Medaglie d'Oro, Milan",4,140m²,2,"€ 990,000",https://www.immobiliare.it/en/annunci/102037490/
188,2023-12-29,"Building corso Lodi 15, Porta Romana - Medaglie d'Oro, Milan",3,100m²,2,"€ 930,000",https://www.immobiliare.it/en/annunci/101721541/
189,2023-12-29,"3-room flat corso Lodi 15, Porta Romana - Medaglie d'Oro, Milan",3,100m²,2,"€ 930,000",https://www.immobiliare.it/en/annunci/101729369/
190,2023-12-29,"2-room flat via Crema, Porta Romana - Medaglie d'Oro, Milan",2,60m²,1,"€ 400,000",https://www.immobiliare.it/en/annunci/101530873/
191,2023-12-29,"2-room flat via San Gerolamo Emiliani 7, Porta Romana - Medaglie d'Oro, Milan",2,70m²,1,"€ 395,000",https://www.immobiliare.it/en/annunci/101484409/
192,2023-12-29,"Apartment viale Emilio Caldara, Porta Romana - Medaglie d'Oro, Milan",5+,140m²,2,"€ 990,000",https://www.immobiliare.it/en/annunci/101233675/
193,2023-12-29,"Apartment via Atto Vannucci, Porta Romana - Medaglie d'Oro, Milan",5,115m²,3,"€ 790,000",https://www.immobiliare.it/en/annunci/101216263/
194,2023-12-29,"3-room flat via Mantova 7, Porta Romana - Medaglie d'Oro, Milan",3,79m²,1,"€ 450,000",https://www.immobiliare.it/en/annunci/101101371/
195,2023-12-29,"2-room flat via SAN GEROLAMO EMILIANI 12, Porta Romana - Medaglie d'Oro, Milan",2,65m²,1,"€ 425,000",https://www.immobiliare.it/en/annunci/100993447/
196,2023-12-29,"3-room flat via Adige 20, Porta Romana - Medaglie d'Oro, Milan",3,70m²,2,"€ 470,000",https://www.immobiliare.it/en/annunci/100992111/
197,2023-12-29,"3-room flat via Giulio Romano 15, Porta Romana - Medaglie d'Oro, Milan",3,100m²,1,"€ 710,000",https://www.immobiliare.it/en/annunci/100864379/
198,2023-12-29,"Loft via Giuseppe Ripamonti 2, Bocconi, Milan",2,50m²,G,"€ 259,000",https://www.immobiliare.it/en/annunci/100790007/
199,2023-12-29,"3-room flat viale Isonzo, Porta Romana - Medaglie d'Oro, Milan",3,95m²,2,"€ 610,000",https://www.immobiliare.it/en/annunci/100562516/
200,2023-12-29,"3-room flat good condition, second floor, Porta Romana - Medaglie d'Oro, Milan",3,90m²,1,"€ 540,000",https://www.immobiliare.it/en/annunci/100427094/
201,2023-12-29,"2-room flat via Lodovico Muratori 15, Porta Romana - Medaglie d'Oro, Milan",2,45m²,1,"€ 299,000",https://www.immobiliare.it/en/annunci/100318012/
202,2023-12-29,"Apartment via Muratori 30, Porta Romana - Medaglie d'Oro, Milan",5,195m²,2,"€ 1,295,000",https://www.immobiliare.it/en/annunci/99554470/
203,2023-12-29,"3-room flat via Giorgio Vasari 19, Porta Romana - Medaglie d'Oro, Milan",3,119m²,2,"€ 949,000",https://www.immobiliare.it/en/annunci/100654879/
204,2023-12-29,"Building via Lazzaro Papi 2, Porta Romana - Medaglie d'Oro, Milan",5+,950m²,3+,"€ 6,500,000",https://www.immobiliare.it/en/annunci/99547482/
205,2023-12-29,"3-room flat viale Angelo Filippetti 28, Porta Romana - Medaglie d'Oro, Milan",3,100m²,1,"€ 650,000",https://www.immobiliare.it/en/annunci/99010862/
206,2023-12-29,"3-room flat via Giuseppe Ripamonti 21, Porta Romana - Medaglie d'Oro, Milan",3,115m²,2,"€ 790,000",https://www.immobiliare.it/en/annunci/99382966/
207,2023-12-29,"3-room flat piazzale Medaglie d'Oro, Porta Romana - Medaglie d'Oro, Milan",3,100m²,1,"€ 680,000",https://www.immobiliare.it/en/annunci/98825122/
208,2023-12-29,"2-room flat via Giulio Romano 15, Porta Romana - Medaglie d'Oro, Milan",2,103m²,2,"€ 470,000",https://www.immobiliare.it/en/annunci/101299277/
209,2023-12-29,"3-room flat via Francesco Burlamacchi 16, Porta Romana - Medaglie d'Oro, Milan",3,77m²,1,"€ 460,000",https://www.immobiliare.it/en/annunci/100297648/
210,2023-12-29,"3-room flat viale Isonzo, Porta Romana - Medaglie d'Oro, Milan",3,95m²,2,"€ 610,000",https://www.immobiliare.it/en/annunci/97564580/
211,2023-12-29,"2-room flat viale Isonzo, Porta Romana - Medaglie d'Oro, Milan",2,40m²,1,"€ 280,000",https://www.immobiliare.it/en/annunci/97565564/
212,2023-12-29,"2-room flat viale Isonzo, Porta Romana - Medaglie d'Oro, Milan",2,45m²,1,"€ 300,000",https://www.immobiliare.it/en/annunci/97564788/
213,2023-12-29,"3-room flat viale Isonzo, Porta Romana - Medaglie d'Oro, Milan",3,85m²,2,"€ 570,000",https://www.immobiliare.it/en/annunci/97564864/
214,2023-12-29,"2-room flat Strada della Carità 2, Porta Romana - Medaglie d'Oro, Milan",2,70m²,1,"€ 399,000",https://www.immobiliare.it/en/annunci/97151200/
215,2023-12-29,"2-room flat via Adige 20, Porta Romana - Medaglie d'Oro, Milan",2,50m²,1,"€ 340,000",https://www.immobiliare.it/en/annunci/96513822/
216,2023-12-29,"3-room flat to be refurbished, third floor, Porta Romana - Medaglie d'Oro, Milan",3,90m²,1,"€ 570,000",https://www.immobiliare.it/en/annunci/95248548/
